-- Truncate tables

CREATE OR REPLACE PROCEDURE truncate_all_tables() AS $$
DECLARE
    statements CURSOR FOR
        SELECT tablename FROM pg_tables
        WHERE schemaname = 'public' AND tablename NOT LIKE 'flyway%';
BEGIN
    FOR stmt IN statements LOOP
        EXECUTE 'TRUNCATE TABLE ' || quote_ident(stmt.tablename) || ' CASCADE;';
    END LOOP;
END;
$$ LANGUAGE plpgsql;



CALL truncate_all_tables();


insert into categories(id, name, parent_id) values
    (1, 'Men', null),
        (2, 'Shoes', 1),
            (3, 'Lifestyle', 2),
            (4, 'Running', 2),
        (5, 'Clothing', 1),
            (6, 'Shorts', 5),
            (7, 'Socks', 5),
    (8, 'Women', null),
        (9, 'Shoes', 8),
            (10, 'Lifestyle', 9),
            (11, 'Running', 9),
        (12, 'Clothing', 8),
            (13, 'Shorts', 12),
            (14, 'Socks', 12);

insert into attributes(id, name) values
    (1, 'size'),
    (2, 'color');

insert into attribute_values(id, attribute_id, value, sort) values
    (1, 1, '3.5', 1),
    (2, 1, '4', 2),
    (3, 1, '4.5', 3),
    (4, 1, '5', 4),
    (5, 1, '5.5', 5),

    (6, 2, 'red', 100),
    (7, 2, 'black', 101);

insert into files(id, location) values
    (265, 'https://static.nike.com/a/images/t_PDP_LOADING_v1/f_auto,q_auto:eco/4e8cfc8b-6c3a-487e-8d9c-f4b64d93e8b8/dri-fit-flyease-crew-socks-Wk5gk2.png'),
    (157, 'https://static.nike.com/a/images/t_PDP_LOADING_v1/f_auto,q_auto:eco/96d22b82-e7a8-4e26-8226-38b552661e85/sportswear-sport-essentials-mens-woven-lined-flow-shorts-5nvp4d.png'),
    (112, 'https://static.nike.com/a/images/t_PDP_LOADING_v1/f_auto,q_auto:eco/7f821d80-15dd-467f-af6d-800f3a5c2c46/wio-8-shield-mens-weatherized-road-running-shoes-qxXXKS.png'),
    (366, 'https://static.nike.com/a/images/t_PDP_1280_v1/f_auto,q_auto:eco/c9a27d00-2f5a-40ec-8bdf-21ef93085177/jordan-heritage-womens-diamond-shorts-z6VtwD.png'),
    (321, 'https://static.nike.com/a/images/t_PDP_1280_v1/f_auto,q_auto:eco/401d07f3-a552-4ae7-8ee5-e6abf65a5f51/air-vapormax-plus-womens-shoes-xbt7zf.png'),
    (261, 'https://static.nike.com/a/images/t_PDP_1280_v1/f_auto,q_auto:eco/c7a6713f-821a-4636-bba9-cbc32552e7c0/everyday-plus-cushioned-crew-socks-NjsZN8.png'),
    (61, 'https://static.nike.com/a/images/t_PDP_LOADING_v1/f_auto,q_auto:eco/04421d64-7214-4718-ba73-93e6d1447bac/air-force-1-mid-07-mens-shoes-S1QClz.png'),
    (49, 'https://static.nike.com/a/images/t_PDP_LOADING_v1/f_auto,q_auto:eco/82a25d35-53f6-4f88-b0c4-c8c1dbb222b6/sb-zoom-blazer-mid-premium-skate-shoes-cDgJVQ.png'),
    (326, 'https://static.nike.com/a/images/t_PDP_1280_v1/f_auto/a7e705b0-ed28-4612-8f8e-f960a4512471/air-huarache-womens-shoes-GZpbBG.png'),
    (161, 'https://static.nike.com/a/images/t_PDP_1280_v1/f_auto/d008d534-aec5-4997-bcc3-1eea34fe28d0/sportswear-sport-essentials-mens-allover-print-shorts-THmQp5.png'),
    (150, 'https://static.nike.com/a/images/t_PDP_1280_v1/f_auto,q_auto:eco/e927c8c2-da36-408a-b871-ffa14a9b1b85/flex-stride-mens-5-brief-running-shorts-CTBq85.png'),
    (359, 'https://static.nike.com/a/images/t_PDP_1280_v1/f_auto/46884b49-07bc-478d-b005-203918cc162c/air-jordan-og-womens-shoes-4wrQ3j.png'),
    (333, 'https://static.nike.com/a/images/t_PDP_1280_v1/f_auto,q_auto:eco/0551d1ae-aac7-49f9-828b-4d5a2b050652/blazer-low-77-jumbo-womens-shoes-PdFBP1.png'),
    (102, 'https://static.nike.com/a/images/t_PDP_1280_v1/f_auto,q_auto:eco/f1422d49-453d-4bc3-9cab-357516d08d81/pegasus-trail-3-mens-trail-running-shoes-QPcRqp.png'),
    (363, 'https://static.nike.com/a/images/t_PDP_1280_v1/f_auto,q_auto:eco/1fc1cc39-351a-4073-9cc8-94e5cdbf0e6a/sportswear-essential-womens-woven-high-rise-shorts-FTXMGB.png'),
    (207, 'https://static.nike.com/a/images/t_PDP_1280_v1/f_auto,q_auto:eco/fd645bd1-f05e-4991-bd22-d4ac998e6f98/yoga-mens-2-in-1-shorts-rmtzVN.png'),
    (401, 'https://static.nike.com/a/images/t_PDP_1280_v1/f_auto/dbe3b179-1b5f-4d6e-9f38-e54e75f3f34d/sportswear-essential-womens-fleece-high-rise-shorts-B1tlzH.png'),
    (393, 'https://static.nike.com/a/images/t_PDP_1280_v1/f_auto,q_auto:eco/db8601ae-0ce7-4787-9a95-38f22edb0995/sportswear-essential-womens-bike-shorts-BmtWrH.png'),
    (218, 'https://static.nike.com/a/images/t_PDP_1280_v1/f_auto/5986fd27-0e21-4f64-a099-4ecfea8260e3/everyday-plus-cushioned-training-crew-socks-VKWvgn.png'),
    (39, 'https://static.nike.com/a/images/t_PDP_1280_v1/f_auto,q_auto:eco/fb6ad078-6444-4e28-bdaa-0d82ca00a079/jordan-point-lane-mens-shoes-PPMHdC.png'),
    (242, 'https://static.nike.com/a/images/t_PDP_1280_v1/f_auto/10359577-aa6d-41b7-b3f2-a6f2d7bba4cb/everyday-plus-cushioned-crew-socks-2-pairs-03kH4r.png'),
    (166, 'https://static.nike.com/a/images/t_PDP_LOADING_v1/f_auto,q_auto:eco/8bcb424f-ed1c-4987-82dc-ecec9d3a6f58/sportswear-color-clash-mens-fleece-shorts-6LhFKc.png'),
    (174, 'https://static.nike.com/a/images/t_PDP_1280_v1/f_auto,q_auto:eco/413fd737-54f6-48dc-b977-95324a6661fe/jordan-sport-dri-fit-mens-diamond-shorts-BQRTb5.png'),
    (360, 'https://static.nike.com/a/images/t_PDP_1280_v1/f_auto,q_auto:eco/46884b49-07bc-478d-b005-203918cc162c/air-jordan-og-womens-shoes-4wrQ3j.png'),
    (117, 'https://static.nike.com/a/images/t_PDP_1280_v1/f_auto,q_auto:eco/af64bd65-10f7-431c-ab81-e9d17f65096c/air-zoom-tempo-next-mens-road-running-shoes-HMLvjm.png'),
    (146, 'https://static.nike.com/a/images/t_PDP_1280_v1/f_auto/356c8de6-e093-4684-af40-9c1819aa3a7a/flex-stride-mens-7-brief-running-shorts-BvCXmh.png'),
    (105, 'https://static.nike.com/a/images/t_PDP_1280_v1/f_auto,q_auto:eco/4641ad57-9b6f-40b9-abd2-a7592d627fb4/wildhorse-7-mens-trail-running-shoes-rJ6R7V.png'),
    (258, 'https://static.nike.com/a/images/t_PDP_1280_v1/f_auto,q_auto:eco/62b54585-159b-45fc-a2f0-2c7ed745763f/everyday-plus-cushioned-training-ankle-socks-3-pairs-nZVnzR.png'),
    (384, 'https://static.nike.com/a/images/t_PDP_1280_v1/f_auto,q_auto:eco/d6eff556-36f8-4a47-b0c2-a2cbca6093b9/sportswear-club-fleece-womens-shorts-jmGz6s.png'),
    (103, 'https://static.nike.com/a/images/t_PDP_LOADING_v1/f_auto,q_auto:eco/4641ad57-9b6f-40b9-abd2-a7592d627fb4/wildhorse-7-mens-trail-running-shoes-rJ6R7V.png'),
    (404, 'https://static.nike.com/a/images/t_PDP_1280_v1/f_auto/0ab7a0ed-7508-45b2-8d91-ca852fac46c4/tempo-womens-heathered-running-shorts-96l2HW.png'),
    (373, 'https://static.nike.com/a/images/t_PDP_LOADING_v1/f_auto,q_auto:eco/1de934f2-6fac-403f-8de3-718bd38d3e31/tempo-icon-clash-womens-running-shorts-PDF1x2.png'),
    (189, 'https://static.nike.com/a/images/t_PDP_1280_v1/f_auto,q_auto:eco/95369b86-ec51-4862-87e6-642039d177fd/sportswear-club-mens-graphic-shorts-hQgvng.png'),
    (163, 'https://static.nike.com/a/images/t_PDP_LOADING_v1/f_auto,q_auto:eco/be19b8f0-2ac0-47cb-90e8-29762cd22080/sportswear-mens-shorts-08klZm.png'),
    (10, 'https://static.nike.com/a/images/t_PDP_LOADING_v1/f_auto,q_auto:eco/3497e9b8-55cb-47ea-a436-83562ae25506/air-vapormax-2021-fk-mens-shoes-NpTfFz.png'),
    (38, 'https://static.nike.com/a/images/t_PDP_1280_v1/f_auto/fb6ad078-6444-4e28-bdaa-0d82ca00a079/jordan-point-lane-mens-shoes-PPMHdC.png'),
    (2, 'https://static.nike.com/a/images/t_PDP_1280_v1/f_auto/b7d9211c-26e7-431a-ac24-b0540fb3c00f/air-force-1-07-mens-shoes-5QFp5Z.png'),
    (118, 'https://static.nike.com/a/images/t_PDP_LOADING_v1/f_auto,q_auto:eco/18d2daff-99f9-4f1c-8f7c-f3a3aa8d2de3/quest-4-mens-road-running-shoes-RlpLvS.png'),
    (221, 'https://static.nike.com/a/images/t_PDP_1280_v1/f_auto/b81d9e4b-1289-4923-bada-afd0adea1e04/everyday-plus-cushioned-tie-dye-crew-socks-2-pairs-cs7hcq.png'),
    (29, 'https://static.nike.com/a/images/t_PDP_1280_v1/f_auto/fliho8ygw5nogbmtcbft/air-vapormax-plus-mens-shoes-nC0dzF.png'),
    (129, 'https://static.nike.com/a/images/t_PDP_1280_v1/f_auto,q_auto:eco/defef53b-36c5-4d32-a88b-a9c4777ef8f3/wio-8-mens-road-running-shoes-vKc7d1.png'),
    (109, 'https://static.nike.com/a/images/t_PDP_LOADING_v1/f_auto,q_auto:eco/faa97142-443f-48f4-86d6-e508101b6b76/air-zoom-vomero-16-mens-running-shoes-8zSBBk.png'),
    (158, 'https://static.nike.com/a/images/t_PDP_1280_v1/f_auto/96d22b82-e7a8-4e26-8226-38b552661e85/sportswear-sport-essentials-mens-woven-lined-flow-shorts-5nvp4d.png'),
    (215, 'https://static.nike.com/a/images/t_PDP_1280_v1/f_auto/ca974193-857a-4b05-9679-6ab496edfc3e/sportswear-resort-mens-woven-flow-shorts-PCFSJ5.png'),
    (64, 'https://static.nike.com/a/images/t_PDP_LOADING_v1/f_auto,q_auto:eco/e3f21e81-57d9-4d30-a31d-a175d1ea1f19/air-force-1-07-high-mens-shoes-XTJLXX.png'),
    (263, 'https://static.nike.com/a/images/t_PDP_1280_v1/f_auto/676325e9-c127-4cd7-8a86-fd47b8018cc9/everyday-plus-cushioned-ankle-socks-gSFdSb.png'),
    (253, 'https://static.nike.com/a/images/t_PDP_LOADING_v1/f_auto,q_auto:eco/406fde34-d05b-44f0-a914-6ce2fa5b96f5/everyday-plus-cushioned-crew-socks-3-pairs-Vs62CC.png'),
    (334, 'https://static.nike.com/a/images/t_PDP_LOADING_v1/f_auto,q_auto:eco/4673f6c6-cabe-452c-87d7-1be1d4156d33/air-force-1-07-se-womens-shoes-b19lqD.png'),
    (391, 'https://static.nike.com/a/images/t_PDP_LOADING_v1/f_auto,q_auto:eco/db8601ae-0ce7-4787-9a95-38f22edb0995/sportswear-essential-womens-bike-shorts-BmtWrH.png'),
    (307, 'https://static.nike.com/a/images/t_PDP_LOADING_v1/f_auto,q_auto:eco/c5f622ec-6ad6-40e3-a10a-6a1d2c27e37e/blazer-mid-77-womens-shoes-WJHLDz.png'),
    (316, 'https://static.nike.com/a/images/t_PDP_LOADING_v1/f_auto,q_auto:eco/a2113d4a-7f4a-4be2-aa43-d03ea3698fcf/air-vapormax-2021-fk-womens-shoes-1WB8SL.png'),
    (379, 'https://static.nike.com/a/images/t_PDP_LOADING_v1/f_auto,q_auto:eco/7f24d69c-bfd3-4923-917d-1d1c7cc882fb/pro-365-womens-5-shorts-plus-size-gpcxXd.png'),
    (427, 'https://static.nike.com/a/images/t_PDP_LOADING_v1/f_auto,q_auto:eco/84ca79d2-c6df-47ec-8291-61b89402d2cb/yoga-luxe-womens-shorts-3T4BVv.png'),
    (420, 'https://static.nike.com/a/images/t_PDP_1280_v1/f_auto,q_auto:eco/97c9393a-4b6b-469c-a73e-3790ae38ce5b/one-aurora-womens-7-marbled-shorts-KGS4Mj.png'),
    (197, 'https://static.nike.com/a/images/t_PDP_1280_v1/f_auto/f3c761b9-1a66-420f-ab4a-5f6ba68e5d20/jordan-essentials-mens-mesh-shorts-7Nl0FM.png'),
    (90, 'https://static.nike.com/a/images/t_PDP_1280_v1/f_auto,q_auto:eco/336a399b-946f-4552-9e7c-0b9e369f6b64/air-zoom-alphafly-next-flyknit-ekiden-road-racing-shoes-fNntgL.png'),
    (410, 'https://static.nike.com/a/images/t_PDP_1280_v1/f_auto/25805efe-1595-4a82-9301-fb6947ee85e4/dri-fit-icon-clash-10k-womens-allover-print-running-shorts-pHjgzx.png'),
    (54, 'https://static.nike.com/a/images/t_PDP_1280_v1/f_auto,q_auto:eco/f66a08b9-211c-43fe-a0cc-d04a732bdc63/air-force-1-07-mens-shoes-L3SMQl.png'),
    (383, 'https://static.nike.com/a/images/t_PDP_1280_v1/f_auto/d6eff556-36f8-4a47-b0c2-a2cbca6093b9/sportswear-club-fleece-womens-shorts-jmGz6s.png'),
    (417, 'https://static.nike.com/a/images/t_PDP_1280_v1/f_auto,q_auto:eco/c8942a3d-2965-47b5-83da-f0bcf8e6f1db/sportswear-womens-shorts-plus-size-WdjJ92.png'),
    (193, 'https://static.nike.com/a/images/t_PDP_LOADING_v1/f_auto,q_auto:eco/ac6549c2-3736-4176-97cf-489c3a2934c4/jordan-sport-dna-mens-shorts-7xcRJh.png'),
    (28, 'https://static.nike.com/a/images/t_PDP_LOADING_v1/f_auto,q_auto:eco/fliho8ygw5nogbmtcbft/air-vapormax-plus-mens-shoes-nC0dzF.png'),
    (362, 'https://static.nike.com/a/images/t_PDP_1280_v1/f_auto/1fc1cc39-351a-4073-9cc8-94e5cdbf0e6a/sportswear-essential-womens-woven-high-rise-shorts-FTXMGB.png'),
    (92, 'https://static.nike.com/a/images/t_PDP_1280_v1/f_auto/i1-a395331a-6c4c-4e36-9230-4d9e90aa72a1/react-phantom-run-flyknit-2-mens-road-running-shoes-7s5XTG.png'),
    (108, 'https://static.nike.com/a/images/t_PDP_1280_v1/f_auto,q_auto:eco/06fe3ed9-0551-4d45-ba6f-280344d2707e/air-zoom-terra-kiger-8-mens-trail-running-shoes-BnbV2t.png'),
    (395, 'https://static.nike.com/a/images/t_PDP_1280_v1/f_auto/815f9c16-d95d-4dac-b645-101902886ba4/sportswear-essential-womens-bike-shorts-KRdVbd.png'),
    (151, 'https://static.nike.com/a/images/t_PDP_LOADING_v1/f_auto,q_auto:eco/f5674083-4977-47fc-8eb4-6ddb3ffc5727/pro-dri-fit-flex-rep-mens-shorts-v48gvb.png'),
    (428, 'https://static.nike.com/a/images/t_PDP_1280_v1/f_auto/84ca79d2-c6df-47ec-8291-61b89402d2cb/yoga-luxe-womens-shorts-3T4BVv.png'),
    (296, 'https://static.nike.com/a/images/t_PDP_1280_v1/f_auto/3c66a641-8b76-4d39-8456-98aa622494b5/air-max-90-womens-shoes-g5nqKN.png'),
    (93, 'https://static.nike.com/a/images/t_PDP_1280_v1/f_auto,q_auto:eco/i1-a395331a-6c4c-4e36-9230-4d9e90aa72a1/react-phantom-run-flyknit-2-mens-road-running-shoes-7s5XTG.png'),
    (342, 'https://static.nike.com/a/images/t_PDP_1280_v1/f_auto,q_auto:eco/4bc12e38-eee8-47f2-8213-10ae9211aff1/blazer-mid-77-next-nature-womens-shoes-qNrQzq.png'),
    (364, 'https://static.nike.com/a/images/t_PDP_LOADING_v1/f_auto,q_auto:eco/c9a27d00-2f5a-40ec-8bdf-21ef93085177/jordan-heritage-womens-diamond-shorts-z6VtwD.png'),
    (368, 'https://static.nike.com/a/images/t_PDP_1280_v1/f_auto/0c99a2ef-a907-4561-ab1e-55256ba40250/one-womens-mid-rise-7-tie-dye-bike-shorts-JW68nd.png'),
    (130, 'https://static.nike.com/a/images/t_PDP_LOADING_v1/f_auto,q_auto:eco/7dcfdfea-3d69-4af3-bdd3-25081a6da87d/react-miler-2-mens-road-running-shoes-3PDZdP.png'),
    (40, 'https://static.nike.com/a/images/t_PDP_LOADING_v1/f_auto,q_auto:eco/b8ea9f88-c03e-4bd4-bcac-64f33e0d678d/air-max-97-se-mens-shoes-6xRN2b.png'),
    (304, 'https://static.nike.com/a/images/t_PDP_LOADING_v1/f_auto,q_auto:eco/abdd05ce-436f-4557-baf4-ff81376aab42/air-max-intrlk-womens-shoes-wRwftK.png'),
    (58, 'https://static.nike.com/a/images/t_PDP_LOADING_v1/f_auto,q_auto:eco/54f2467f-77bb-4aaf-8e87-8b09e4043001/air-force-1-crater-next-nature-mens-shoes-qQcPmh.png'),
    (361, 'https://static.nike.com/a/images/t_PDP_LOADING_v1/f_auto,q_auto:eco/1fc1cc39-351a-4073-9cc8-94e5cdbf0e6a/sportswear-essential-womens-woven-high-rise-shorts-FTXMGB.png'),
    (171, 'https://static.nike.com/a/images/t_PDP_1280_v1/f_auto,q_auto:eco/3533f661-062a-4b96-8c85-8e78c1593a80/jordan-essentials-mens-diamond-mesh-shorts-1dbVlq.png'),
    (107, 'https://static.nike.com/a/images/t_PDP_1280_v1/f_auto/06fe3ed9-0551-4d45-ba6f-280344d2707e/air-zoom-terra-kiger-8-mens-trail-running-shoes-BnbV2t.png'),
    (7, 'https://static.nike.com/a/images/t_PDP_LOADING_v1/f_auto,q_auto:eco/35e4608f-5ac5-474f-8498-2ff32483258c/air-max-terrascape-90-mens-shoes-Qpt84H.png'),
    (349, 'https://static.nike.com/a/images/t_PDP_LOADING_v1/f_auto,q_auto:eco/7404cf62-71e5-42a6-8a2d-1d909b2b8b65/vista-na-womens-sandals-H947F9.png'),
    (123, 'https://static.nike.com/a/images/t_PDP_1280_v1/f_auto,q_auto:eco/756632cb-6150-4981-830f-5fc9f342c45c/air-zoom-terra-kiger-7-mens-trail-running-shoes-9tC16Z.png'),
    (196, 'https://static.nike.com/a/images/t_PDP_LOADING_v1/f_auto,q_auto:eco/f3c761b9-1a66-420f-ab4a-5f6ba68e5d20/jordan-essentials-mens-mesh-shorts-7Nl0FM.png'),
    (48, 'https://static.nike.com/a/images/t_PDP_1280_v1/f_auto,q_auto:eco/066b91f0-a838-421f-953f-dd6c76556a83/blazer-mid-77-premium-mens-shoes-9bXxQk.png'),
    (426, 'https://static.nike.com/a/images/t_PDP_1280_v1/f_auto,q_auto:eco/a0838237-5eae-4875-9fc0-92290043d88c/tempo-luxe-womens-3-running-shorts-8x2Wmc.png'),
    (264, 'https://static.nike.com/a/images/t_PDP_1280_v1/f_auto,q_auto:eco/676325e9-c127-4cd7-8a86-fd47b8018cc9/everyday-plus-cushioned-ankle-socks-gSFdSb.png'),
    (239, 'https://static.nike.com/a/images/t_PDP_1280_v1/f_auto/41375698-ba0a-4505-9ed2-8aaca7a443b9/everyday-plus-cushion-training-no-show-socks-3-pairs-N5qMRp.png'),
    (339, 'https://static.nike.com/a/images/t_PDP_1280_v1/f_auto,q_auto:eco/364c705a-4187-4f69-8811-9432cc8c414a/air-force-1-fontanka-womens-shoes-cWbdwn.png'),
    (57, 'https://static.nike.com/a/images/t_PDP_1280_v1/f_auto,q_auto:eco/cb5ce398-9849-437e-a231-c0f526627d57/air-force-1-07-mens-shoes-xDpsTk.png'),
    (111, 'https://static.nike.com/a/images/t_PDP_1280_v1/f_auto,q_auto:eco/faa97142-443f-48f4-86d6-e508101b6b76/air-zoom-vomero-16-mens-running-shoes-8zSBBk.png'),
    (70, 'https://static.nike.com/a/images/t_PDP_LOADING_v1/f_auto,q_auto:eco/a1e114f9-f9dc-423b-812f-b2768dd19c7f/air-presto-mid-utility-mens-shoes-5Q7PsF.png'),
    (294, 'https://static.nike.com/a/images/t_PDP_1280_v1/f_auto,q_auto:eco/1a0c1fb4-564f-441d-93a2-f41dc5007bcd/blazer-mid-77-vintage-womens-shoes-25h71W.png'),
    (142, 'https://static.nike.com/a/images/t_PDP_LOADING_v1/f_auto,q_auto:eco/a8f7dd43-2c84-4a93-9eba-91a2717be39f/flex-experience-run-10-mens-road-running-shoes-BNSNRc.png'),
    (67, 'https://static.nike.com/a/images/t_PDP_LOADING_v1/f_auto,q_auto:eco/18102e39-f905-42ac-98d0-cc4f2f36bfd1/air-presto-mens-shoes-JlLlWz.png'),
    (160, 'https://static.nike.com/a/images/t_PDP_LOADING_v1/f_auto,q_auto:eco/d008d534-aec5-4997-bcc3-1eea34fe28d0/sportswear-sport-essentials-mens-allover-print-shorts-THmQp5.png'),
    (195, 'https://static.nike.com/a/images/t_PDP_1280_v1/f_auto,q_auto:eco/ac6549c2-3736-4176-97cf-489c3a2934c4/jordan-sport-dna-mens-shorts-7xcRJh.png'),
    (208, 'https://static.nike.com/a/images/t_PDP_LOADING_v1/f_auto,q_auto:eco/e0ef3433-4c5c-4b65-94f9-f328a3cda9bc/yoga-dri-fit-mens-shorts-5FP4gl.png'),
    (429, 'https://static.nike.com/a/images/t_PDP_1280_v1/f_auto,q_auto:eco/84ca79d2-c6df-47ec-8291-61b89402d2cb/yoga-luxe-womens-shorts-3T4BVv.png'),
    (297, 'https://static.nike.com/a/images/t_PDP_1280_v1/f_auto,q_auto:eco/3c66a641-8b76-4d39-8456-98aa622494b5/air-max-90-womens-shoes-g5nqKN.png'),
    (143, 'https://static.nike.com/a/images/t_PDP_1280_v1/f_auto/a8f7dd43-2c84-4a93-9eba-91a2717be39f/flex-experience-run-10-mens-road-running-shoes-BNSNRc.png'),
    (276, 'https://static.nike.com/a/images/t_PDP_1280_v1/f_auto,q_auto:eco/8481ab19-c084-4ef4-8e2f-6bf9a3814432/sportswear-everyday-essential-crew-socks-3-pairs-J2fbZS.png'),
    (254, 'https://static.nike.com/a/images/t_PDP_1280_v1/f_auto/406fde34-d05b-44f0-a914-6ce2fa5b96f5/everyday-plus-cushioned-crew-socks-3-pairs-Vs62CC.png'),
    (138, 'https://static.nike.com/a/images/t_PDP_1280_v1/f_auto,q_auto:eco/4b42b228-74ea-46f6-8343-c486cf01bbcb/air-zoom-pegasus-38-flyease-mens-easy-on-off-road-running-shoes-H16QG5.png'),
    (191, 'https://static.nike.com/a/images/t_PDP_1280_v1/f_auto/d54e80e8-7fcb-4888-98e8-f69822cdf77a/sportswear-swoosh-league-mens-fleece-shorts-sZM37z.png'),
    (251, 'https://static.nike.com/a/images/t_PDP_1280_v1/f_auto/711bee00-e98f-49a1-862b-ad64a4bc749c/everyday-max-cushioned-training-ankle-socks-3-pairs-3b8Yng.png'),
    (235, 'https://static.nike.com/a/images/t_PDP_LOADING_v1/f_auto,q_auto:eco/wmmxguuyw0uy2bnhns1k/everyday-plus-cushioned-training-no-show-socks-6-pairs-XXM9xm.png'),
    (355, 'https://static.nike.com/a/images/t_PDP_LOADING_v1/f_auto,q_auto:eco/186c1048-8364-4bb6-9c67-b24a4edddb49/jordan-series-5-womens-shoes-Cs1zm4.png'),
    (279, 'https://static.nike.com/a/images/t_PDP_1280_v1/f_auto,q_auto:eco/51ea07e9-33bc-4428-bf93-07db177875e4/spark-lightweight-running-crew-socks-08T4p5.png'),
    (176, 'https://static.nike.com/a/images/t_PDP_1280_v1/f_auto/d9a7b369-cec2-4133-b851-60f07ffb0160/dri-fit-mens-basketball-shorts-MXRXxR.png'),
    (315, 'https://static.nike.com/a/images/t_PDP_1280_v1/f_auto,q_auto:eco/519e7ebe-7e5a-49ab-b0c0-9da5a57275e6/air-max-2021-womens-shoes-CkfHnZ.png'),
    (172, 'https://static.nike.com/a/images/t_PDP_LOADING_v1/f_auto,q_auto:eco/413fd737-54f6-48dc-b977-95324a6661fe/jordan-sport-dri-fit-mens-diamond-shorts-BQRTb5.png'),
    (201, 'https://static.nike.com/a/images/t_PDP_1280_v1/f_auto,q_auto:eco/4b341e99-b8d4-4b8a-ad91-1a838705f94b/sportswear-tech-fleece-mens-shorts-8sXggV.png'),
    (184, 'https://static.nike.com/a/images/t_PDP_LOADING_v1/f_auto,q_auto:eco/c34efd16-1e32-4f32-9401-4930b31089f3/pro-dri-fit-mens-shorts-m2ZgQg.png'),
    (106, 'https://static.nike.com/a/images/t_PDP_LOADING_v1/f_auto,q_auto:eco/06fe3ed9-0551-4d45-ba6f-280344d2707e/air-zoom-terra-kiger-8-mens-trail-running-shoes-BnbV2t.png'),
    (128, 'https://static.nike.com/a/images/t_PDP_1280_v1/f_auto/defef53b-36c5-4d32-a88b-a9c4777ef8f3/wio-8-mens-road-running-shoes-vKc7d1.png'),
    (318, 'https://static.nike.com/a/images/t_PDP_1280_v1/f_auto,q_auto:eco/a2113d4a-7f4a-4be2-aa43-d03ea3698fcf/air-vapormax-2021-fk-womens-shoes-1WB8SL.png'),
    (164, 'https://static.nike.com/a/images/t_PDP_1280_v1/f_auto/be19b8f0-2ac0-47cb-90e8-29762cd22080/sportswear-mens-shorts-08klZm.png'),
    (69, 'https://static.nike.com/a/images/t_PDP_1280_v1/f_auto,q_auto:eco/18102e39-f905-42ac-98d0-cc4f2f36bfd1/air-presto-mens-shoes-JlLlWz.png'),
    (433, 'https://static.nike.com/a/images/t_PDP_LOADING_v1/f_auto,q_auto:eco/fa8983ef-1ff0-472e-b0aa-9726d20c82c9/everyday-training-ankle-socks-R074Ck.png'),
    (52, 'https://static.nike.com/a/images/t_PDP_LOADING_v1/f_auto,q_auto:eco/f66a08b9-211c-43fe-a0cc-d04a732bdc63/air-force-1-07-mens-shoes-L3SMQl.png'),
    (353, 'https://static.nike.com/a/images/t_PDP_1280_v1/f_auto/f39c0519-2458-4880-af51-78d0116d3b09/icon-classic-womens-sandals-c4bCfN.png'),
    (407, 'https://static.nike.com/a/images/t_PDP_1280_v1/f_auto/84c8f61e-2723-4377-990a-113249d4ced7/flex-essential-2-in-1-womens-training-shorts-W2Qqn0.png'),
    (100, 'https://static.nike.com/a/images/t_PDP_LOADING_v1/f_auto,q_auto:eco/f1422d49-453d-4bc3-9cab-357516d08d81/pegasus-trail-3-mens-trail-running-shoes-QPcRqp.png'),
    (377, 'https://static.nike.com/a/images/t_PDP_1280_v1/f_auto/ef0c8bdf-d0d7-4b79-8a12-4dfc8110d2b9/dri-fit-one-icon-clash-womens-7-mid-rise-printed-training-shorts-plus-size-4Mv6sv.png'),
    (252, 'https://static.nike.com/a/images/t_PDP_1280_v1/f_auto,q_auto:eco/711bee00-e98f-49a1-862b-ad64a4bc749c/everyday-max-cushioned-training-ankle-socks-3-pairs-3b8Yng.png'),
    (14, 'https://static.nike.com/a/images/t_PDP_1280_v1/f_auto/d373e88e-83f7-4c8b-8870-74dd12ed4ed7/air-max-plus-mens-shoes-x9G2xF.png'),
    (94, 'https://static.nike.com/a/images/t_PDP_LOADING_v1/f_auto,q_auto:eco/443d9211-d2cc-4bad-a082-72898eb23f0b/react-miler-3-mens-road-running-shoes-WCgcxj.png'),
    (237, 'https://static.nike.com/a/images/t_PDP_1280_v1/f_auto,q_auto:eco/wmmxguuyw0uy2bnhns1k/everyday-plus-cushioned-training-no-show-socks-6-pairs-XXM9xm.png'),
    (403, 'https://static.nike.com/a/images/t_PDP_LOADING_v1/f_auto,q_auto:eco/0ab7a0ed-7508-45b2-8d91-ca852fac46c4/tempo-womens-heathered-running-shorts-96l2HW.png'),
    (250, 'https://static.nike.com/a/images/t_PDP_LOADING_v1/f_auto,q_auto:eco/711bee00-e98f-49a1-862b-ad64a4bc749c/everyday-max-cushioned-training-ankle-socks-3-pairs-3b8Yng.png'),
    (287, 'https://static.nike.com/a/images/t_PDP_1280_v1/f_auto/dc99c534-fb8b-4ead-bbd2-45f83c753f3f/spark-cushioned-no-show-running-socks-98gFcD.png'),
    (389, 'https://static.nike.com/a/images/t_PDP_1280_v1/f_auto/9cdc92e3-52c7-485c-9506-004ce9c6a136/sportswear-gym-vintage-womens-shorts-JTlNtk.png'),
    (317, 'https://static.nike.com/a/images/t_PDP_1280_v1/f_auto/a2113d4a-7f4a-4be2-aa43-d03ea3698fcf/air-vapormax-2021-fk-womens-shoes-1WB8SL.png'),
    (272, 'https://static.nike.com/a/images/t_PDP_1280_v1/f_auto/8bc8f828-a2cc-4d5c-83c5-3cc836e3040c/sportswear-everyday-essential-socks-3-pairs-FfdJPK.png'),
    (140, 'https://static.nike.com/a/images/t_PDP_1280_v1/f_auto/jwanubzlt8rkgdngs8xi/free-rn-flyknit-2018-mens-running-shoes-RRT9elMk.png'),
    (36, 'https://static.nike.com/a/images/t_PDP_1280_v1/f_auto,q_auto:eco/31351e8c-3297-48d8-8827-1dc14885c112/jordan-delta-2-se-shoes-ZpvFm3.png'),
    (23, 'https://static.nike.com/a/images/t_PDP_1280_v1/f_auto/3fc5d85e-5f2b-4d8a-bda2-f6974c1cf853/air-huarache-mens-shoes-JppwBb.png'),
    (350, 'https://static.nike.com/a/images/t_PDP_1280_v1/f_auto/7404cf62-71e5-42a6-8a2d-1d909b2b8b65/vista-na-womens-sandals-H947F9.png'),
    (305, 'https://static.nike.com/a/images/t_PDP_1280_v1/f_auto/abdd05ce-436f-4557-baf4-ff81376aab42/air-max-intrlk-womens-shoes-wRwftK.png'),
    (183, 'https://static.nike.com/a/images/t_PDP_1280_v1/f_auto,q_auto:eco/3217bf42-d83d-4fdf-a1a1-0398651e781b/pro-dri-fit-mens-long-shorts-KpS0nf.png'),
    (394, 'https://static.nike.com/a/images/t_PDP_LOADING_v1/f_auto,q_auto:eco/815f9c16-d95d-4dac-b645-101902886ba4/sportswear-essential-womens-bike-shorts-KRdVbd.png'),
    (78, 'https://static.nike.com/a/images/t_PDP_1280_v1/f_auto,q_auto:eco/e17219af-fc75-4a1d-824b-c58731a12ae2/zoomx-invincible-run-flyknit-mens-road-running-shoes-sP2zk7.png'),
    (6, 'https://static.nike.com/a/images/t_PDP_1280_v1/f_auto,q_auto:eco/wzitsrb4oucx9jukxsmc/air-max-90-mens-shoes-6n3vKB.png'),
    (338, 'https://static.nike.com/a/images/t_PDP_1280_v1/f_auto/364c705a-4187-4f69-8811-9432cc8c414a/air-force-1-fontanka-womens-shoes-cWbdwn.png'),
    (210, 'https://static.nike.com/a/images/t_PDP_1280_v1/f_auto,q_auto:eco/e0ef3433-4c5c-4b65-94f9-f328a3cda9bc/yoga-dri-fit-mens-shorts-5FP4gl.png'),
    (37, 'https://static.nike.com/a/images/t_PDP_LOADING_v1/f_auto,q_auto:eco/fb6ad078-6444-4e28-bdaa-0d82ca00a079/jordan-point-lane-mens-shoes-PPMHdC.png'),
    (319, 'https://static.nike.com/a/images/t_PDP_LOADING_v1/f_auto,q_auto:eco/401d07f3-a552-4ae7-8ee5-e6abf65a5f51/air-vapormax-plus-womens-shoes-xbt7zf.png'),
    (310, 'https://static.nike.com/a/images/t_PDP_LOADING_v1/f_auto,q_auto:eco/85be5afa-edeb-49f3-94e7-9b2ee65a5429/air-force-1-shadow-womens-shoes-kTgn9J.png'),
    (186, 'https://static.nike.com/a/images/t_PDP_1280_v1/f_auto,q_auto:eco/c34efd16-1e32-4f32-9401-4930b31089f3/pro-dri-fit-mens-shorts-m2ZgQg.png'),
    (216, 'https://static.nike.com/a/images/t_PDP_1280_v1/f_auto,q_auto:eco/ca974193-857a-4b05-9679-6ab496edfc3e/sportswear-resort-mens-woven-flow-shorts-PCFSJ5.png'),
    (303, 'https://static.nike.com/a/images/t_PDP_1280_v1/f_auto,q_auto:eco/aa654de9-05f0-4708-bfdd-c4fb028e540a/air-max-dawn-womens-shoes-224mWf.png'),
    (32, 'https://static.nike.com/a/images/t_PDP_1280_v1/f_auto/711ad76e-67d3-40c8-96a8-afffc0369bd9/air-max-2021-mens-shoes-fnRMh3.png'),
    (1, 'https://static.nike.com/a/images/t_PDP_LOADING_v1/f_auto,q_auto:eco/b7d9211c-26e7-431a-ac24-b0540fb3c00f/air-force-1-07-mens-shoes-5QFp5Z.png'),
    (115, 'https://static.nike.com/a/images/t_PDP_LOADING_v1/f_auto,q_auto:eco/af64bd65-10f7-431c-ab81-e9d17f65096c/air-zoom-tempo-next-mens-road-running-shoes-HMLvjm.png'),
    (232, 'https://static.nike.com/a/images/t_PDP_LOADING_v1/f_auto,q_auto:eco/d04a7aff-5931-4147-b5bb-e3d73e1b9b00/elite-kay-yow-basketball-crew-socks-40pT6w.png'),
    (309, 'https://static.nike.com/a/images/t_PDP_1280_v1/f_auto,q_auto:eco/c5f622ec-6ad6-40e3-a10a-6a1d2c27e37e/blazer-mid-77-womens-shoes-WJHLDz.png'),
    (285, 'https://static.nike.com/a/images/t_PDP_1280_v1/f_auto,q_auto:eco/066bc342-743f-4aa4-a4ee-6216075f12a9/spark-cushioned-crew-running-socks-qgZw26.png'),
    (397, 'https://static.nike.com/a/images/t_PDP_LOADING_v1/f_auto,q_auto:eco/398caea7-2f87-402d-8647-6129da84f337/pro-dri-fit-womens-3-high-rise-training-shorts-fJlsS2.png'),
    (81, 'https://static.nike.com/a/images/t_PDP_1280_v1/f_auto,q_auto:eco/c8a6efcf-dfd1-4e50-a5de-9cae9044bf57/react-infinity-run-flyknit-2-mens-road-running-shoes-DttDF2.png'),
    (398, 'https://static.nike.com/a/images/t_PDP_1280_v1/f_auto/398caea7-2f87-402d-8647-6129da84f337/pro-dri-fit-womens-3-high-rise-training-shorts-fJlsS2.png'),
    (335, 'https://static.nike.com/a/images/t_PDP_1280_v1/f_auto/4673f6c6-cabe-452c-87d7-1be1d4156d33/air-force-1-07-se-womens-shoes-b19lqD.png'),
    (77, 'https://static.nike.com/a/images/t_PDP_1280_v1/f_auto/e17219af-fc75-4a1d-824b-c58731a12ae2/zoomx-invincible-run-flyknit-mens-road-running-shoes-sP2zk7.png'),
    (281, 'https://static.nike.com/a/images/t_PDP_1280_v1/f_auto/a88af8aa-dd07-4278-bf9d-bfe7f7eed240/spark-cushioned-ankle-running-socks-0mg53V.png'),
    (376, 'https://static.nike.com/a/images/t_PDP_LOADING_v1/f_auto,q_auto:eco/ef0c8bdf-d0d7-4b79-8a12-4dfc8110d2b9/dri-fit-one-icon-clash-womens-7-mid-rise-printed-training-shorts-plus-size-4Mv6sv.png'),
    (98, 'https://static.nike.com/a/images/t_PDP_1280_v1/f_auto/2bb59529-7631-4f90-8972-f3226a23ba45/pegasus-trail-3-gore-tex-mens-running-shoes-HG005k.png'),
    (87, 'https://static.nike.com/a/images/t_PDP_1280_v1/f_auto,q_auto:eco/aeb477b0-67a9-4569-9205-9ca44acf6c71/zoomx-vaporfly-next-2-mens-road-racing-shoes-glWqfm.png'),
    (194, 'https://static.nike.com/a/images/t_PDP_1280_v1/f_auto/ac6549c2-3736-4176-97cf-489c3a2934c4/jordan-sport-dna-mens-shorts-7xcRJh.png'),
    (406, 'https://static.nike.com/a/images/t_PDP_LOADING_v1/f_auto,q_auto:eco/84c8f61e-2723-4377-990a-113249d4ced7/flex-essential-2-in-1-womens-training-shorts-W2Qqn0.png'),
    (120, 'https://static.nike.com/a/images/t_PDP_1280_v1/f_auto,q_auto:eco/18d2daff-99f9-4f1c-8f7c-f3a3aa8d2de3/quest-4-mens-road-running-shoes-RlpLvS.png'),
    (119, 'https://static.nike.com/a/images/t_PDP_1280_v1/f_auto/18d2daff-99f9-4f1c-8f7c-f3a3aa8d2de3/quest-4-mens-road-running-shoes-RlpLvS.png'),
    (217, 'https://static.nike.com/a/images/t_PDP_LOADING_v1/f_auto,q_auto:eco/5986fd27-0e21-4f64-a099-4ecfea8260e3/everyday-plus-cushioned-training-crew-socks-VKWvgn.png'),
    (409, 'https://static.nike.com/a/images/t_PDP_LOADING_v1/f_auto,q_auto:eco/25805efe-1595-4a82-9301-fb6947ee85e4/dri-fit-icon-clash-10k-womens-allover-print-running-shorts-pHjgzx.png'),
    (85, 'https://static.nike.com/a/images/t_PDP_LOADING_v1/f_auto,q_auto:eco/aeb477b0-67a9-4569-9205-9ca44acf6c71/zoomx-vaporfly-next-2-mens-road-racing-shoes-glWqfm.png'),
    (282, 'https://static.nike.com/a/images/t_PDP_1280_v1/f_auto,q_auto:eco/a88af8aa-dd07-4278-bf9d-bfe7f7eed240/spark-cushioned-ankle-running-socks-0mg53V.png'),
    (382, 'https://static.nike.com/a/images/t_PDP_LOADING_v1/f_auto,q_auto:eco/d6eff556-36f8-4a47-b0c2-a2cbca6093b9/sportswear-club-fleece-womens-shorts-jmGz6s.png'),
    (298, 'https://static.nike.com/a/images/t_PDP_LOADING_v1/f_auto,q_auto:eco/249438dd-c851-4570-bb2d-566d8ccbd1c4/air-max-97-womens-shoes-Fr6rM4.png'),
    (320, 'https://static.nike.com/a/images/t_PDP_1280_v1/f_auto/401d07f3-a552-4ae7-8ee5-e6abf65a5f51/air-vapormax-plus-womens-shoes-xbt7zf.png'),
    (65, 'https://static.nike.com/a/images/t_PDP_1280_v1/f_auto/e3f21e81-57d9-4d30-a31d-a175d1ea1f19/air-force-1-07-high-mens-shoes-XTJLXX.png'),
    (245, 'https://static.nike.com/a/images/t_PDP_1280_v1/f_auto/fca8332c-50d5-4f6d-b8ba-5eed1b0d22b5/everyday-plus-cushioned-ankle-socks-S9zVnP.png'),
    (205, 'https://static.nike.com/a/images/t_PDP_LOADING_v1/f_auto,q_auto:eco/fd645bd1-f05e-4991-bd22-d4ac998e6f98/yoga-mens-2-in-1-shorts-rmtzVN.png'),
    (19, 'https://static.nike.com/a/images/t_PDP_LOADING_v1/f_auto,q_auto:eco/cb6ae55a-6756-4e0c-b0e7-1986101cca46/waffle-one-crater-mens-shoes-4cW37x.png'),
    (300, 'https://static.nike.com/a/images/t_PDP_1280_v1/f_auto,q_auto:eco/249438dd-c851-4570-bb2d-566d8ccbd1c4/air-max-97-womens-shoes-Fr6rM4.png'),
    (86, 'https://static.nike.com/a/images/t_PDP_1280_v1/f_auto/aeb477b0-67a9-4569-9205-9ca44acf6c71/zoomx-vaporfly-next-2-mens-road-racing-shoes-glWqfm.png'),
    (308, 'https://static.nike.com/a/images/t_PDP_1280_v1/f_auto/c5f622ec-6ad6-40e3-a10a-6a1d2c27e37e/blazer-mid-77-womens-shoes-WJHLDz.png'),
    (178, 'https://static.nike.com/a/images/t_PDP_LOADING_v1/f_auto,q_auto:eco/2b3d03b0-d4f7-417e-8b68-664d503426ef/dri-fit-icon-mens-basketball-shorts-2c8F76.png'),
    (147, 'https://static.nike.com/a/images/t_PDP_1280_v1/f_auto,q_auto:eco/356c8de6-e093-4684-af40-9c1819aa3a7a/flex-stride-mens-7-brief-running-shorts-BvCXmh.png'),
    (380, 'https://static.nike.com/a/images/t_PDP_1280_v1/f_auto/7f24d69c-bfd3-4923-917d-1d1c7cc882fb/pro-365-womens-5-shorts-plus-size-gpcxXd.png'),
    (188, 'https://static.nike.com/a/images/t_PDP_1280_v1/f_auto/95369b86-ec51-4862-87e6-642039d177fd/sportswear-club-mens-graphic-shorts-hQgvng.png'),
    (346, 'https://static.nike.com/a/images/t_PDP_LOADING_v1/f_auto,q_auto:eco/90018bf7-5e14-4c0e-a40d-65919af6ec2a/blazer-low-platform-womens-shoes-X8Nl4M.png'),
    (135, 'https://static.nike.com/a/images/t_PDP_1280_v1/f_auto,q_auto:eco/bda612e0-9f93-431e-b350-4a7c24776a86/air-zoom-structure-24-mens-road-running-shoes-jNGSf3.png'),
    (192, 'https://static.nike.com/a/images/t_PDP_1280_v1/f_auto,q_auto:eco/d54e80e8-7fcb-4888-98e8-f69822cdf77a/sportswear-swoosh-league-mens-fleece-shorts-sZM37z.png'),
    (165, 'https://static.nike.com/a/images/t_PDP_1280_v1/f_auto,q_auto:eco/be19b8f0-2ac0-47cb-90e8-29762cd22080/sportswear-mens-shorts-08klZm.png'),
    (249, 'https://static.nike.com/a/images/t_PDP_1280_v1/f_auto,q_auto:eco/668f0776-9ce0-40a8-bb86-89b80fcb8bf8/everyday-max-cushioned-training-crew-socks-3-pairs-4VTnNbbo.png'),
    (83, 'https://static.nike.com/a/images/t_PDP_1280_v1/f_auto/907bbd17-99f2-4e9b-9e3f-10f6d097066c/zoom-fly-4-mens-road-running-shoes-dw6jzQ.png'),
    (392, 'https://static.nike.com/a/images/t_PDP_1280_v1/f_auto/db8601ae-0ce7-4787-9a95-38f22edb0995/sportswear-essential-womens-bike-shorts-BmtWrH.png'),
    (63, 'https://static.nike.com/a/images/t_PDP_1280_v1/f_auto,q_auto:eco/04421d64-7214-4718-ba73-93e6d1447bac/air-force-1-mid-07-mens-shoes-S1QClz.png'),
    (25, 'https://static.nike.com/a/images/t_PDP_LOADING_v1/f_auto,q_auto:eco/skwgyqrbfzhu6uyeh0gg/air-max-270-mens-shoes-KkLcGR.png'),
    (73, 'https://static.nike.com/a/images/t_PDP_LOADING_v1/f_auto,q_auto:eco/801207c8-124e-45f3-9877-0bd2e7712f60/air-zoom-pegasus-38-mens-road-running-shoes-lq7PZZ.png'),
    (365, 'https://static.nike.com/a/images/t_PDP_1280_v1/f_auto/c9a27d00-2f5a-40ec-8bdf-21ef93085177/jordan-heritage-womens-diamond-shorts-z6VtwD.png'),
    (209, 'https://static.nike.com/a/images/t_PDP_1280_v1/f_auto/e0ef3433-4c5c-4b65-94f9-f328a3cda9bc/yoga-dri-fit-mens-shorts-5FP4gl.png'),
    (114, 'https://static.nike.com/a/images/t_PDP_1280_v1/f_auto,q_auto:eco/7f821d80-15dd-467f-af6d-800f3a5c2c46/wio-8-shield-mens-weatherized-road-running-shoes-qxXXKS.png'),
    (413, 'https://static.nike.com/a/images/t_PDP_1280_v1/f_auto/1a0d8c42-dd1b-4781-b5a5-87abe13b0f66/one-womens-7-shorts-NLfLmD.png'),
    (22, 'https://static.nike.com/a/images/t_PDP_LOADING_v1/f_auto,q_auto:eco/3fc5d85e-5f2b-4d8a-bda2-f6974c1cf853/air-huarache-mens-shoes-JppwBb.png'),
    (434, 'https://static.nike.com/a/images/t_PDP_1280_v1/f_auto/fa8983ef-1ff0-472e-b0aa-9726d20c82c9/everyday-training-ankle-socks-R074Ck.png'),
    (259, 'https://static.nike.com/a/images/t_PDP_LOADING_v1/f_auto,q_auto:eco/c7a6713f-821a-4636-bba9-cbc32552e7c0/everyday-plus-cushioned-crew-socks-NjsZN8.png'),
    (414, 'https://static.nike.com/a/images/t_PDP_1280_v1/f_auto,q_auto:eco/1a0d8c42-dd1b-4781-b5a5-87abe13b0f66/one-womens-7-shorts-NLfLmD.png'),
    (226, 'https://static.nike.com/a/images/t_PDP_LOADING_v1/f_auto,q_auto:eco/17141e4a-3c0d-48d5-8319-4a73d90d7d59/everyday-plus-cushioned-training-crew-socks-3-pairs-kt8drs.png'),
    (378, 'https://static.nike.com/a/images/t_PDP_1280_v1/f_auto,q_auto:eco/ef0c8bdf-d0d7-4b79-8a12-4dfc8110d2b9/dri-fit-one-icon-clash-womens-7-mid-rise-printed-training-shorts-plus-size-4Mv6sv.png'),
    (30, 'https://static.nike.com/a/images/t_PDP_1280_v1/f_auto,q_auto:eco/fliho8ygw5nogbmtcbft/air-vapormax-plus-mens-shoes-nC0dzF.png'),
    (330, 'https://static.nike.com/a/images/t_PDP_1280_v1/f_auto,q_auto:eco/51862330-f221-4d70-829e-06543748854d/air-force-1-07-womens-shoes-42nTfv.png'),
    (331, 'https://static.nike.com/a/images/t_PDP_LOADING_v1/f_auto,q_auto:eco/0551d1ae-aac7-49f9-828b-4d5a2b050652/blazer-low-77-jumbo-womens-shoes-PdFBP1.png'),
    (408, 'https://static.nike.com/a/images/t_PDP_1280_v1/f_auto,q_auto:eco/84c8f61e-2723-4377-990a-113249d4ced7/flex-essential-2-in-1-womens-training-shorts-W2Qqn0.png'),
    (387, 'https://static.nike.com/a/images/t_PDP_1280_v1/f_auto,q_auto:eco/50aa19b1-047f-4cd3-9ec7-162f20fb8f43/dri-fit-get-fit-womens-training-shorts-c9bXPF.png'),
    (3, 'https://static.nike.com/a/images/t_PDP_1280_v1/f_auto,q_auto:eco/b7d9211c-26e7-431a-ac24-b0540fb3c00f/air-force-1-07-mens-shoes-5QFp5Z.png'),
    (367, 'https://static.nike.com/a/images/t_PDP_LOADING_v1/f_auto,q_auto:eco/0c99a2ef-a907-4561-ab1e-55256ba40250/one-womens-mid-rise-7-tie-dye-bike-shorts-JW68nd.png'),
    (356, 'https://static.nike.com/a/images/t_PDP_1280_v1/f_auto/186c1048-8364-4bb6-9c67-b24a4edddb49/jordan-series-5-womens-shoes-Cs1zm4.png'),
    (436, 'https://static.nike.com/a/images/t_PDP_LOADING_v1/f_auto,q_auto:eco/d7397392-9702-47fc-a283-23d4c28b7d71/everyday-lightweight-womens-training-no-show-socks-6-pairs-r3RQSc.png'),
    (97, 'https://static.nike.com/a/images/t_PDP_LOADING_v1/f_auto,q_auto:eco/2bb59529-7631-4f90-8972-f3226a23ba45/pegasus-trail-3-gore-tex-mens-running-shoes-HG005k.png'),
    (110, 'https://static.nike.com/a/images/t_PDP_1280_v1/f_auto/faa97142-443f-48f4-86d6-e508101b6b76/air-zoom-vomero-16-mens-running-shoes-8zSBBk.png'),
    (149, 'https://static.nike.com/a/images/t_PDP_1280_v1/f_auto/e927c8c2-da36-408a-b871-ffa14a9b1b85/flex-stride-mens-5-brief-running-shorts-CTBq85.png'),
    (213, 'https://static.nike.com/a/images/t_PDP_1280_v1/f_auto,q_auto:eco/a6a8abae-3d18-49e4-971d-18ccb56ecab6/air-mens-french-terry-shorts-KStC0l.png'),
    (139, 'https://static.nike.com/a/images/t_PDP_LOADING_v1/f_auto,q_auto:eco/jwanubzlt8rkgdngs8xi/free-rn-flyknit-2018-mens-running-shoes-RRT9elMk.png'),
    (20, 'https://static.nike.com/a/images/t_PDP_1280_v1/f_auto/cb6ae55a-6756-4e0c-b0e7-1986101cca46/waffle-one-crater-mens-shoes-4cW37x.png'),
    (312, 'https://static.nike.com/a/images/t_PDP_1280_v1/f_auto,q_auto:eco/85be5afa-edeb-49f3-94e7-9b2ee65a5429/air-force-1-shadow-womens-shoes-kTgn9J.png'),
    (27, 'https://static.nike.com/a/images/t_PDP_1280_v1/f_auto,q_auto:eco/skwgyqrbfzhu6uyeh0gg/air-max-270-mens-shoes-KkLcGR.png'),
    (34, 'https://static.nike.com/a/images/t_PDP_LOADING_v1/f_auto,q_auto:eco/31351e8c-3297-48d8-8827-1dc14885c112/jordan-delta-2-se-shoes-ZpvFm3.png'),
    (255, 'https://static.nike.com/a/images/t_PDP_1280_v1/f_auto,q_auto:eco/406fde34-d05b-44f0-a914-6ce2fa5b96f5/everyday-plus-cushioned-crew-socks-3-pairs-Vs62CC.png'),
    (269, 'https://static.nike.com/a/images/t_PDP_1280_v1/f_auto/pssocom8jjgbxbm3acmt/everyday-plus-cushioned-training-ankle-socks-3-pairs-QrMX1x.png'),
    (13, 'https://static.nike.com/a/images/t_PDP_LOADING_v1/f_auto,q_auto:eco/d373e88e-83f7-4c8b-8870-74dd12ed4ed7/air-max-plus-mens-shoes-x9G2xF.png'),
    (156, 'https://static.nike.com/a/images/t_PDP_1280_v1/f_auto,q_auto:eco/8890b121-13de-43a6-a8b4-bb43dbfc6848/dri-fit-run-division-flex-stride-mens-2-in-1-5-running-shorts-Xg4vRk.png'),
    (46, 'https://static.nike.com/a/images/t_PDP_LOADING_v1/f_auto,q_auto:eco/066b91f0-a838-421f-953f-dd6c76556a83/blazer-mid-77-premium-mens-shoes-9bXxQk.png'),
    (290, 'https://static.nike.com/a/images/t_PDP_1280_v1/f_auto/f094af40-f82f-4fb9-a246-e031bf6fc411/air-force-1-07-womens-shoes-GCkPzr.png'),
    (284, 'https://static.nike.com/a/images/t_PDP_1280_v1/f_auto/066bc342-743f-4aa4-a4ee-6216075f12a9/spark-cushioned-crew-running-socks-qgZw26.png'),
    (51, 'https://static.nike.com/a/images/t_PDP_1280_v1/f_auto,q_auto:eco/82a25d35-53f6-4f88-b0c4-c8c1dbb222b6/sb-zoom-blazer-mid-premium-skate-shoes-cDgJVQ.png'),
    (21, 'https://static.nike.com/a/images/t_PDP_1280_v1/f_auto,q_auto:eco/cb6ae55a-6756-4e0c-b0e7-1986101cca46/waffle-one-crater-mens-shoes-4cW37x.png'),
    (240, 'https://static.nike.com/a/images/t_PDP_1280_v1/f_auto,q_auto:eco/41375698-ba0a-4505-9ed2-8aaca7a443b9/everyday-plus-cushion-training-no-show-socks-3-pairs-N5qMRp.png'),
    (344, 'https://static.nike.com/a/images/t_PDP_1280_v1/f_auto/1dfb0d28-a43c-443d-96f9-bc74580d90c7/blazer-low-platform-next-nature-womens-shoes-DBxjT0.png'),
    (177, 'https://static.nike.com/a/images/t_PDP_1280_v1/f_auto,q_auto:eco/d9a7b369-cec2-4133-b851-60f07ffb0160/dri-fit-mens-basketball-shorts-MXRXxR.png'),
    (167, 'https://static.nike.com/a/images/t_PDP_1280_v1/f_auto/8bcb424f-ed1c-4987-82dc-ecec9d3a6f58/sportswear-color-clash-mens-fleece-shorts-6LhFKc.png'),
    (16, 'https://static.nike.com/a/images/t_PDP_LOADING_v1/f_auto,q_auto:eco/fb7eda3c-5ac8-4d05-a18f-1c2c5e82e36e/blazer-mid-77-vintage-mens-shoes-nw30B2.png'),
    (299, 'https://static.nike.com/a/images/t_PDP_1280_v1/f_auto/249438dd-c851-4570-bb2d-566d8ccbd1c4/air-max-97-womens-shoes-Fr6rM4.png'),
    (424, 'https://static.nike.com/a/images/t_PDP_LOADING_v1/f_auto,q_auto:eco/a0838237-5eae-4875-9fc0-92290043d88c/tempo-luxe-womens-3-running-shorts-8x2Wmc.png'),
    (354, 'https://static.nike.com/a/images/t_PDP_1280_v1/f_auto,q_auto:eco/f39c0519-2458-4880-af51-78d0116d3b09/icon-classic-womens-sandals-c4bCfN.png'),
    (227, 'https://static.nike.com/a/images/t_PDP_1280_v1/f_auto/17141e4a-3c0d-48d5-8319-4a73d90d7d59/everyday-plus-cushioned-training-crew-socks-3-pairs-kt8drs.png'),
    (204, 'https://static.nike.com/a/images/t_PDP_1280_v1/f_auto,q_auto:eco/097c2d7b-141e-4de2-a7e5-eed394c317b3/sportswear-club-mens-cargo-shorts-mcX0rZ.png'),
    (82, 'https://static.nike.com/a/images/t_PDP_LOADING_v1/f_auto,q_auto:eco/907bbd17-99f2-4e9b-9e3f-10f6d097066c/zoom-fly-4-mens-road-running-shoes-dw6jzQ.png'),
    (270, 'https://static.nike.com/a/images/t_PDP_1280_v1/f_auto,q_auto:eco/pssocom8jjgbxbm3acmt/everyday-plus-cushioned-training-ankle-socks-3-pairs-QrMX1x.png'),
    (236, 'https://static.nike.com/a/images/t_PDP_1280_v1/f_auto/wmmxguuyw0uy2bnhns1k/everyday-plus-cushioned-training-no-show-socks-6-pairs-XXM9xm.png'),
    (127, 'https://static.nike.com/a/images/t_PDP_LOADING_v1/f_auto,q_auto:eco/defef53b-36c5-4d32-a88b-a9c4777ef8f3/wio-8-mens-road-running-shoes-vKc7d1.png'),
    (381, 'https://static.nike.com/a/images/t_PDP_1280_v1/f_auto,q_auto:eco/7f24d69c-bfd3-4923-917d-1d1c7cc882fb/pro-365-womens-5-shorts-plus-size-gpcxXd.png'),
    (337, 'https://static.nike.com/a/images/t_PDP_LOADING_v1/f_auto,q_auto:eco/364c705a-4187-4f69-8811-9432cc8c414a/air-force-1-fontanka-womens-shoes-cWbdwn.png'),
    (301, 'https://static.nike.com/a/images/t_PDP_LOADING_v1/f_auto,q_auto:eco/aa654de9-05f0-4708-bfdd-c4fb028e540a/air-max-dawn-womens-shoes-224mWf.png'),
    (225, 'https://static.nike.com/a/images/t_PDP_1280_v1/f_auto,q_auto:eco/57d77620-67f2-493f-a9b5-f5eac1c341ef/everyday-plus-cushioned-training-crew-socks-6-pairs-vlRw4Q.png'),
    (286, 'https://static.nike.com/a/images/t_PDP_LOADING_v1/f_auto,q_auto:eco/dc99c534-fb8b-4ead-bbd2-45f83c753f3f/spark-cushioned-no-show-running-socks-98gFcD.png'),
    (347, 'https://static.nike.com/a/images/t_PDP_1280_v1/f_auto/90018bf7-5e14-4c0e-a40d-65919af6ec2a/blazer-low-platform-womens-shoes-X8Nl4M.png'),
    (324, 'https://static.nike.com/a/images/t_PDP_1280_v1/f_auto,q_auto:eco/ae458632-487c-482f-a6dc-0aa3b40675f8/air-max-270-womens-shoes-Pgb94t.png'),
    (91, 'https://static.nike.com/a/images/t_PDP_LOADING_v1/f_auto,q_auto:eco/i1-a395331a-6c4c-4e36-9230-4d9e90aa72a1/react-phantom-run-flyknit-2-mens-road-running-shoes-7s5XTG.png'),
    (257, 'https://static.nike.com/a/images/t_PDP_1280_v1/f_auto/62b54585-159b-45fc-a2f0-2c7ed745763f/everyday-plus-cushioned-training-ankle-socks-3-pairs-nZVnzR.png'),
    (256, 'https://static.nike.com/a/images/t_PDP_LOADING_v1/f_auto,q_auto:eco/62b54585-159b-45fc-a2f0-2c7ed745763f/everyday-plus-cushioned-training-ankle-socks-3-pairs-nZVnzR.png'),
    (246, 'https://static.nike.com/a/images/t_PDP_1280_v1/f_auto,q_auto:eco/fca8332c-50d5-4f6d-b8ba-5eed1b0d22b5/everyday-plus-cushioned-ankle-socks-S9zVnP.png'),
    (223, 'https://static.nike.com/a/images/t_PDP_LOADING_v1/f_auto,q_auto:eco/57d77620-67f2-493f-a9b5-f5eac1c341ef/everyday-plus-cushioned-training-crew-socks-6-pairs-vlRw4Q.png'),
    (80, 'https://static.nike.com/a/images/t_PDP_1280_v1/f_auto/c8a6efcf-dfd1-4e50-a5de-9cae9044bf57/react-infinity-run-flyknit-2-mens-road-running-shoes-DttDF2.png'),
    (88, 'https://static.nike.com/a/images/t_PDP_LOADING_v1/f_auto,q_auto:eco/336a399b-946f-4552-9e7c-0b9e369f6b64/air-zoom-alphafly-next-flyknit-ekiden-road-racing-shoes-fNntgL.png'),
    (273, 'https://static.nike.com/a/images/t_PDP_1280_v1/f_auto,q_auto:eco/8bc8f828-a2cc-4d5c-83c5-3cc836e3040c/sportswear-everyday-essential-socks-3-pairs-FfdJPK.png'),
    (370, 'https://static.nike.com/a/images/t_PDP_LOADING_v1/f_auto,q_auto:eco/734680a3-6a7a-4ed8-9b55-87fbcb22485e/dri-fit-tempo-womens-geo-print-running-shorts-mV3Dkw.png'),
    (374, 'https://static.nike.com/a/images/t_PDP_1280_v1/f_auto/1de934f2-6fac-403f-8de3-718bd38d3e31/tempo-icon-clash-womens-running-shorts-PDF1x2.png'),
    (228, 'https://static.nike.com/a/images/t_PDP_1280_v1/f_auto,q_auto:eco/17141e4a-3c0d-48d5-8319-4a73d90d7d59/everyday-plus-cushioned-training-crew-socks-3-pairs-kt8drs.png'),
    (328, 'https://static.nike.com/a/images/t_PDP_LOADING_v1/f_auto,q_auto:eco/51862330-f221-4d70-829e-06543748854d/air-force-1-07-womens-shoes-42nTfv.png'),
    (141, 'https://static.nike.com/a/images/t_PDP_1280_v1/f_auto,q_auto:eco/jwanubzlt8rkgdngs8xi/free-rn-flyknit-2018-mens-running-shoes-RRT9elMk.png'),
    (422, 'https://static.nike.com/a/images/t_PDP_1280_v1/f_auto/af376a1b-3284-48ff-adac-a2d8c742214c/one-womens-mid-rise-7-tie-dye-bike-shorts-plus-size-wBJ423.png'),
    (187, 'https://static.nike.com/a/images/t_PDP_LOADING_v1/f_auto,q_auto:eco/95369b86-ec51-4862-87e6-642039d177fd/sportswear-club-mens-graphic-shorts-hQgvng.png'),
    (74, 'https://static.nike.com/a/images/t_PDP_1280_v1/f_auto/801207c8-124e-45f3-9877-0bd2e7712f60/air-zoom-pegasus-38-mens-road-running-shoes-lq7PZZ.png'),
    (243, 'https://static.nike.com/a/images/t_PDP_1280_v1/f_auto,q_auto:eco/10359577-aa6d-41b7-b3f2-a6f2d7bba4cb/everyday-plus-cushioned-crew-socks-2-pairs-03kH4r.png'),
    (212, 'https://static.nike.com/a/images/t_PDP_1280_v1/f_auto/a6a8abae-3d18-49e4-971d-18ccb56ecab6/air-mens-french-terry-shorts-KStC0l.png'),
    (292, 'https://static.nike.com/a/images/t_PDP_LOADING_v1/f_auto,q_auto:eco/1a0c1fb4-564f-441d-93a2-f41dc5007bcd/blazer-mid-77-vintage-womens-shoes-25h71W.png'),
    (289, 'https://static.nike.com/a/images/t_PDP_LOADING_v1/f_auto,q_auto:eco/f094af40-f82f-4fb9-a246-e031bf6fc411/air-force-1-07-womens-shoes-GCkPzr.png'),
    (405, 'https://static.nike.com/a/images/t_PDP_1280_v1/f_auto,q_auto:eco/0ab7a0ed-7508-45b2-8d91-ca852fac46c4/tempo-womens-heathered-running-shorts-96l2HW.png'),
    (268, 'https://static.nike.com/a/images/t_PDP_LOADING_v1/f_auto,q_auto:eco/pssocom8jjgbxbm3acmt/everyday-plus-cushioned-training-ankle-socks-3-pairs-QrMX1x.png'),
    (154, 'https://static.nike.com/a/images/t_PDP_LOADING_v1/f_auto,q_auto:eco/8890b121-13de-43a6-a8b4-bb43dbfc6848/dri-fit-run-division-flex-stride-mens-2-in-1-5-running-shorts-Xg4vRk.png'),
    (277, 'https://static.nike.com/a/images/t_PDP_LOADING_v1/f_auto,q_auto:eco/51ea07e9-33bc-4428-bf93-07db177875e4/spark-lightweight-running-crew-socks-08T4p5.png'),
    (53, 'https://static.nike.com/a/images/t_PDP_1280_v1/f_auto/f66a08b9-211c-43fe-a0cc-d04a732bdc63/air-force-1-07-mens-shoes-L3SMQl.png'),
    (332, 'https://static.nike.com/a/images/t_PDP_1280_v1/f_auto/0551d1ae-aac7-49f9-828b-4d5a2b050652/blazer-low-77-jumbo-womens-shoes-PdFBP1.png'),
    (438, 'https://static.nike.com/a/images/t_PDP_1280_v1/f_auto,q_auto:eco/d7397392-9702-47fc-a283-23d4c28b7d71/everyday-lightweight-womens-training-no-show-socks-6-pairs-r3RQSc.png'),
    (26, 'https://static.nike.com/a/images/t_PDP_1280_v1/f_auto/skwgyqrbfzhu6uyeh0gg/air-max-270-mens-shoes-KkLcGR.png'),
    (59, 'https://static.nike.com/a/images/t_PDP_1280_v1/f_auto/54f2467f-77bb-4aaf-8e87-8b09e4043001/air-force-1-crater-next-nature-mens-shoes-qQcPmh.png'),
    (327, 'https://static.nike.com/a/images/t_PDP_1280_v1/f_auto,q_auto:eco/a7e705b0-ed28-4612-8f8e-f960a4512471/air-huarache-womens-shoes-GZpbBG.png'),
    (96, 'https://static.nike.com/a/images/t_PDP_1280_v1/f_auto,q_auto:eco/443d9211-d2cc-4bad-a082-72898eb23f0b/react-miler-3-mens-road-running-shoes-WCgcxj.png'),
    (169, 'https://static.nike.com/a/images/t_PDP_LOADING_v1/f_auto,q_auto:eco/3533f661-062a-4b96-8c85-8e78c1593a80/jordan-essentials-mens-diamond-mesh-shorts-1dbVlq.png'),
    (101, 'https://static.nike.com/a/images/t_PDP_1280_v1/f_auto/f1422d49-453d-4bc3-9cab-357516d08d81/pegasus-trail-3-mens-trail-running-shoes-QPcRqp.png'),
    (295, 'https://static.nike.com/a/images/t_PDP_LOADING_v1/f_auto,q_auto:eco/3c66a641-8b76-4d39-8456-98aa622494b5/air-max-90-womens-shoes-g5nqKN.png'),
    (288, 'https://static.nike.com/a/images/t_PDP_1280_v1/f_auto,q_auto:eco/dc99c534-fb8b-4ead-bbd2-45f83c753f3f/spark-cushioned-no-show-running-socks-98gFcD.png'),
    (435, 'https://static.nike.com/a/images/t_PDP_1280_v1/f_auto,q_auto:eco/fa8983ef-1ff0-472e-b0aa-9726d20c82c9/everyday-training-ankle-socks-R074Ck.png'),
    (416, 'https://static.nike.com/a/images/t_PDP_1280_v1/f_auto/c8942a3d-2965-47b5-83da-f0bcf8e6f1db/sportswear-womens-shorts-plus-size-WdjJ92.png'),
    (4, 'https://static.nike.com/a/images/t_PDP_LOADING_v1/f_auto,q_auto:eco/wzitsrb4oucx9jukxsmc/air-max-90-mens-shoes-6n3vKB.png'),
    (248, 'https://static.nike.com/a/images/t_PDP_1280_v1/f_auto/668f0776-9ce0-40a8-bb86-89b80fcb8bf8/everyday-max-cushioned-training-crew-socks-3-pairs-4VTnNbbo.png'),
    (271, 'https://static.nike.com/a/images/t_PDP_LOADING_v1/f_auto,q_auto:eco/8bc8f828-a2cc-4d5c-83c5-3cc836e3040c/sportswear-everyday-essential-socks-3-pairs-FfdJPK.png'),
    (260, 'https://static.nike.com/a/images/t_PDP_1280_v1/f_auto/c7a6713f-821a-4636-bba9-cbc32552e7c0/everyday-plus-cushioned-crew-socks-NjsZN8.png'),
    (99, 'https://static.nike.com/a/images/t_PDP_1280_v1/f_auto,q_auto:eco/2bb59529-7631-4f90-8972-f3226a23ba45/pegasus-trail-3-gore-tex-mens-running-shoes-HG005k.png'),
    (198, 'https://static.nike.com/a/images/t_PDP_1280_v1/f_auto,q_auto:eco/f3c761b9-1a66-420f-ab4a-5f6ba68e5d20/jordan-essentials-mens-mesh-shorts-7Nl0FM.png'),
    (419, 'https://static.nike.com/a/images/t_PDP_1280_v1/f_auto/97c9393a-4b6b-469c-a73e-3790ae38ce5b/one-aurora-womens-7-marbled-shorts-KGS4Mj.png'),
    (351, 'https://static.nike.com/a/images/t_PDP_1280_v1/f_auto,q_auto:eco/7404cf62-71e5-42a6-8a2d-1d909b2b8b65/vista-na-womens-sandals-H947F9.png'),
    (421, 'https://static.nike.com/a/images/t_PDP_LOADING_v1/f_auto,q_auto:eco/af376a1b-3284-48ff-adac-a2d8c742214c/one-womens-mid-rise-7-tie-dye-bike-shorts-plus-size-wBJ423.png'),
    (56, 'https://static.nike.com/a/images/t_PDP_1280_v1/f_auto/cb5ce398-9849-437e-a231-c0f526627d57/air-force-1-07-mens-shoes-xDpsTk.png'),
    (43, 'https://static.nike.com/a/images/t_PDP_LOADING_v1/f_auto,q_auto:eco/5ecc4749-74d4-4adb-9889-445c9dac4abd/air-max-97-se-mens-shoes-3l919x.png'),
    (425, 'https://static.nike.com/a/images/t_PDP_1280_v1/f_auto/a0838237-5eae-4875-9fc0-92290043d88c/tempo-luxe-womens-3-running-shorts-8x2Wmc.png'),
    (262, 'https://static.nike.com/a/images/t_PDP_LOADING_v1/f_auto,q_auto:eco/676325e9-c127-4cd7-8a86-fd47b8018cc9/everyday-plus-cushioned-ankle-socks-gSFdSb.png'),
    (203, 'https://static.nike.com/a/images/t_PDP_1280_v1/f_auto/097c2d7b-141e-4de2-a7e5-eed394c317b3/sportswear-club-mens-cargo-shorts-mcX0rZ.png'),
    (9, 'https://static.nike.com/a/images/t_PDP_1280_v1/f_auto,q_auto:eco/35e4608f-5ac5-474f-8498-2ff32483258c/air-max-terrascape-90-mens-shoes-Qpt84H.png'),
    (423, 'https://static.nike.com/a/images/t_PDP_1280_v1/f_auto,q_auto:eco/af376a1b-3284-48ff-adac-a2d8c742214c/one-womens-mid-rise-7-tie-dye-bike-shorts-plus-size-wBJ423.png'),
    (224, 'https://static.nike.com/a/images/t_PDP_1280_v1/f_auto/57d77620-67f2-493f-a9b5-f5eac1c341ef/everyday-plus-cushioned-training-crew-socks-6-pairs-vlRw4Q.png'),
    (199, 'https://static.nike.com/a/images/t_PDP_LOADING_v1/f_auto,q_auto:eco/4b341e99-b8d4-4b8a-ad91-1a838705f94b/sportswear-tech-fleece-mens-shorts-8sXggV.png'),
    (322, 'https://static.nike.com/a/images/t_PDP_LOADING_v1/f_auto,q_auto:eco/ae458632-487c-482f-a6dc-0aa3b40675f8/air-max-270-womens-shoes-Pgb94t.png'),
    (12, 'https://static.nike.com/a/images/t_PDP_1280_v1/f_auto,q_auto:eco/3497e9b8-55cb-47ea-a436-83562ae25506/air-vapormax-2021-fk-mens-shoes-NpTfFz.png'),
    (390, 'https://static.nike.com/a/images/t_PDP_1280_v1/f_auto,q_auto:eco/9cdc92e3-52c7-485c-9506-004ce9c6a136/sportswear-gym-vintage-womens-shorts-JTlNtk.png'),
    (280, 'https://static.nike.com/a/images/t_PDP_LOADING_v1/f_auto,q_auto:eco/a88af8aa-dd07-4278-bf9d-bfe7f7eed240/spark-cushioned-ankle-running-socks-0mg53V.png'),
    (229, 'https://static.nike.com/a/images/t_PDP_LOADING_v1/f_auto,q_auto:eco/86e98d07-ad5c-4859-8c58-bb226ad6d860/everyday-essential-crew-socks-3-pairs-kRP8H8.png'),
    (411, 'https://static.nike.com/a/images/t_PDP_1280_v1/f_auto,q_auto:eco/25805efe-1595-4a82-9301-fb6947ee85e4/dri-fit-icon-clash-10k-womens-allover-print-running-shorts-pHjgzx.png'),
    (372, 'https://static.nike.com/a/images/t_PDP_1280_v1/f_auto,q_auto:eco/734680a3-6a7a-4ed8-9b55-87fbcb22485e/dri-fit-tempo-womens-geo-print-running-shorts-mV3Dkw.png'),
    (35, 'https://static.nike.com/a/images/t_PDP_1280_v1/f_auto/31351e8c-3297-48d8-8827-1dc14885c112/jordan-delta-2-se-shoes-ZpvFm3.png'),
    (68, 'https://static.nike.com/a/images/t_PDP_1280_v1/f_auto/18102e39-f905-42ac-98d0-cc4f2f36bfd1/air-presto-mens-shoes-JlLlWz.png'),
    (116, 'https://static.nike.com/a/images/t_PDP_1280_v1/f_auto/af64bd65-10f7-431c-ab81-e9d17f65096c/air-zoom-tempo-next-mens-road-running-shoes-HMLvjm.png'),
    (47, 'https://static.nike.com/a/images/t_PDP_1280_v1/f_auto/066b91f0-a838-421f-953f-dd6c76556a83/blazer-mid-77-premium-mens-shoes-9bXxQk.png'),
    (323, 'https://static.nike.com/a/images/t_PDP_1280_v1/f_auto/ae458632-487c-482f-a6dc-0aa3b40675f8/air-max-270-womens-shoes-Pgb94t.png'),
    (266, 'https://static.nike.com/a/images/t_PDP_1280_v1/f_auto/4e8cfc8b-6c3a-487e-8d9c-f4b64d93e8b8/dri-fit-flyease-crew-socks-Wk5gk2.png'),
    (431, 'https://static.nike.com/a/images/t_PDP_1280_v1/f_auto/5c495855-8a7b-4104-bf47-735694234aee/pro-womens-3-shorts-4HBtrm.png'),
    (17, 'https://static.nike.com/a/images/t_PDP_1280_v1/f_auto/fb7eda3c-5ac8-4d05-a18f-1c2c5e82e36e/blazer-mid-77-vintage-mens-shoes-nw30B2.png'),
    (329, 'https://static.nike.com/a/images/t_PDP_1280_v1/f_auto/51862330-f221-4d70-829e-06543748854d/air-force-1-07-womens-shoes-42nTfv.png'),
    (8, 'https://static.nike.com/a/images/t_PDP_1280_v1/f_auto/35e4608f-5ac5-474f-8498-2ff32483258c/air-max-terrascape-90-mens-shoes-Qpt84H.png'),
    (274, 'https://static.nike.com/a/images/t_PDP_LOADING_v1/f_auto,q_auto:eco/8481ab19-c084-4ef4-8e2f-6bf9a3814432/sportswear-everyday-essential-crew-socks-3-pairs-J2fbZS.png'),
    (182, 'https://static.nike.com/a/images/t_PDP_1280_v1/f_auto/3217bf42-d83d-4fdf-a1a1-0398651e781b/pro-dri-fit-mens-long-shorts-KpS0nf.png'),
    (175, 'https://static.nike.com/a/images/t_PDP_LOADING_v1/f_auto,q_auto:eco/d9a7b369-cec2-4133-b851-60f07ffb0160/dri-fit-mens-basketball-shorts-MXRXxR.png'),
    (371, 'https://static.nike.com/a/images/t_PDP_1280_v1/f_auto/734680a3-6a7a-4ed8-9b55-87fbcb22485e/dri-fit-tempo-womens-geo-print-running-shorts-mV3Dkw.png'),
    (432, 'https://static.nike.com/a/images/t_PDP_1280_v1/f_auto,q_auto:eco/5c495855-8a7b-4104-bf47-735694234aee/pro-womens-3-shorts-4HBtrm.png'),
    (233, 'https://static.nike.com/a/images/t_PDP_1280_v1/f_auto/d04a7aff-5931-4147-b5bb-e3d73e1b9b00/elite-kay-yow-basketball-crew-socks-40pT6w.png'),
    (293, 'https://static.nike.com/a/images/t_PDP_1280_v1/f_auto/1a0c1fb4-564f-441d-93a2-f41dc5007bcd/blazer-mid-77-vintage-womens-shoes-25h71W.png'),
    (66, 'https://static.nike.com/a/images/t_PDP_1280_v1/f_auto,q_auto:eco/e3f21e81-57d9-4d30-a31d-a175d1ea1f19/air-force-1-07-high-mens-shoes-XTJLXX.png'),
    (336, 'https://static.nike.com/a/images/t_PDP_1280_v1/f_auto,q_auto:eco/4673f6c6-cabe-452c-87d7-1be1d4156d33/air-force-1-07-se-womens-shoes-b19lqD.png'),
    (345, 'https://static.nike.com/a/images/t_PDP_1280_v1/f_auto,q_auto:eco/1dfb0d28-a43c-443d-96f9-bc74580d90c7/blazer-low-platform-next-nature-womens-shoes-DBxjT0.png'),
    (72, 'https://static.nike.com/a/images/t_PDP_1280_v1/f_auto,q_auto:eco/a1e114f9-f9dc-423b-812f-b2768dd19c7f/air-presto-mid-utility-mens-shoes-5Q7PsF.png'),
    (352, 'https://static.nike.com/a/images/t_PDP_LOADING_v1/f_auto,q_auto:eco/f39c0519-2458-4880-af51-78d0116d3b09/icon-classic-womens-sandals-c4bCfN.png'),
    (132, 'https://static.nike.com/a/images/t_PDP_1280_v1/f_auto,q_auto:eco/7dcfdfea-3d69-4af3-bdd3-25081a6da87d/react-miler-2-mens-road-running-shoes-3PDZdP.png'),
    (95, 'https://static.nike.com/a/images/t_PDP_1280_v1/f_auto/443d9211-d2cc-4bad-a082-72898eb23f0b/react-miler-3-mens-road-running-shoes-WCgcxj.png'),
    (62, 'https://static.nike.com/a/images/t_PDP_1280_v1/f_auto/04421d64-7214-4718-ba73-93e6d1447bac/air-force-1-mid-07-mens-shoes-S1QClz.png'),
    (131, 'https://static.nike.com/a/images/t_PDP_1280_v1/f_auto/7dcfdfea-3d69-4af3-bdd3-25081a6da87d/react-miler-2-mens-road-running-shoes-3PDZdP.png'),
    (244, 'https://static.nike.com/a/images/t_PDP_LOADING_v1/f_auto,q_auto:eco/fca8332c-50d5-4f6d-b8ba-5eed1b0d22b5/everyday-plus-cushioned-ankle-socks-S9zVnP.png'),
    (211, 'https://static.nike.com/a/images/t_PDP_LOADING_v1/f_auto,q_auto:eco/a6a8abae-3d18-49e4-971d-18ccb56ecab6/air-mens-french-terry-shorts-KStC0l.png'),
    (144, 'https://static.nike.com/a/images/t_PDP_1280_v1/f_auto,q_auto:eco/a8f7dd43-2c84-4a93-9eba-91a2717be39f/flex-experience-run-10-mens-road-running-shoes-BNSNRc.png'),
    (136, 'https://static.nike.com/a/images/t_PDP_LOADING_v1/f_auto,q_auto:eco/4b42b228-74ea-46f6-8343-c486cf01bbcb/air-zoom-pegasus-38-flyease-mens-easy-on-off-road-running-shoes-H16QG5.png'),
    (214, 'https://static.nike.com/a/images/t_PDP_LOADING_v1/f_auto,q_auto:eco/ca974193-857a-4b05-9679-6ab496edfc3e/sportswear-resort-mens-woven-flow-shorts-PCFSJ5.png'),
    (50, 'https://static.nike.com/a/images/t_PDP_1280_v1/f_auto/82a25d35-53f6-4f88-b0c4-c8c1dbb222b6/sb-zoom-blazer-mid-premium-skate-shoes-cDgJVQ.png'),
    (45, 'https://static.nike.com/a/images/t_PDP_1280_v1/f_auto,q_auto:eco/5ecc4749-74d4-4adb-9889-445c9dac4abd/air-max-97-se-mens-shoes-3l919x.png'),
    (358, 'https://static.nike.com/a/images/t_PDP_LOADING_v1/f_auto,q_auto:eco/46884b49-07bc-478d-b005-203918cc162c/air-jordan-og-womens-shoes-4wrQ3j.png'),
    (291, 'https://static.nike.com/a/images/t_PDP_1280_v1/f_auto,q_auto:eco/f094af40-f82f-4fb9-a246-e031bf6fc411/air-force-1-07-womens-shoes-GCkPzr.png'),
    (76, 'https://static.nike.com/a/images/t_PDP_LOADING_v1/f_auto,q_auto:eco/e17219af-fc75-4a1d-824b-c58731a12ae2/zoomx-invincible-run-flyknit-mens-road-running-shoes-sP2zk7.png'),
    (234, 'https://static.nike.com/a/images/t_PDP_1280_v1/f_auto,q_auto:eco/d04a7aff-5931-4147-b5bb-e3d73e1b9b00/elite-kay-yow-basketball-crew-socks-40pT6w.png'),
    (179, 'https://static.nike.com/a/images/t_PDP_1280_v1/f_auto/2b3d03b0-d4f7-417e-8b68-664d503426ef/dri-fit-icon-mens-basketball-shorts-2c8F76.png'),
    (369, 'https://static.nike.com/a/images/t_PDP_1280_v1/f_auto,q_auto:eco/0c99a2ef-a907-4561-ab1e-55256ba40250/one-womens-mid-rise-7-tie-dye-bike-shorts-JW68nd.png'),
    (430, 'https://static.nike.com/a/images/t_PDP_LOADING_v1/f_auto,q_auto:eco/5c495855-8a7b-4104-bf47-735694234aee/pro-womens-3-shorts-4HBtrm.png'),
    (124, 'https://static.nike.com/a/images/t_PDP_LOADING_v1/f_auto,q_auto:eco/a0a74af8-7e59-4940-aa71-21354fbe4002/react-miler-2-shield-mens-weatherized-road-running-shoes-NRzZvt.png'),
    (415, 'https://static.nike.com/a/images/t_PDP_LOADING_v1/f_auto,q_auto:eco/c8942a3d-2965-47b5-83da-f0bcf8e6f1db/sportswear-womens-shorts-plus-size-WdjJ92.png'),
    (343, 'https://static.nike.com/a/images/t_PDP_LOADING_v1/f_auto,q_auto:eco/1dfb0d28-a43c-443d-96f9-bc74580d90c7/blazer-low-platform-next-nature-womens-shoes-DBxjT0.png'),
    (241, 'https://static.nike.com/a/images/t_PDP_LOADING_v1/f_auto,q_auto:eco/10359577-aa6d-41b7-b3f2-a6f2d7bba4cb/everyday-plus-cushioned-crew-socks-2-pairs-03kH4r.png'),
    (219, 'https://static.nike.com/a/images/t_PDP_1280_v1/f_auto,q_auto:eco/5986fd27-0e21-4f64-a099-4ecfea8260e3/everyday-plus-cushioned-training-crew-socks-VKWvgn.png'),
    (325, 'https://static.nike.com/a/images/t_PDP_LOADING_v1/f_auto,q_auto:eco/a7e705b0-ed28-4612-8f8e-f960a4512471/air-huarache-womens-shoes-GZpbBG.png'),
    (125, 'https://static.nike.com/a/images/t_PDP_1280_v1/f_auto/a0a74af8-7e59-4940-aa71-21354fbe4002/react-miler-2-shield-mens-weatherized-road-running-shoes-NRzZvt.png'),
    (437, 'https://static.nike.com/a/images/t_PDP_1280_v1/f_auto/d7397392-9702-47fc-a283-23d4c28b7d71/everyday-lightweight-womens-training-no-show-socks-6-pairs-r3RQSc.png'),
    (168, 'https://static.nike.com/a/images/t_PDP_1280_v1/f_auto,q_auto:eco/8bcb424f-ed1c-4987-82dc-ecec9d3a6f58/sportswear-color-clash-mens-fleece-shorts-6LhFKc.png'),
    (153, 'https://static.nike.com/a/images/t_PDP_1280_v1/f_auto,q_auto:eco/f5674083-4977-47fc-8eb4-6ddb3ffc5727/pro-dri-fit-flex-rep-mens-shorts-v48gvb.png'),
    (134, 'https://static.nike.com/a/images/t_PDP_1280_v1/f_auto/bda612e0-9f93-431e-b350-4a7c24776a86/air-zoom-structure-24-mens-road-running-shoes-jNGSf3.png'),
    (133, 'https://static.nike.com/a/images/t_PDP_LOADING_v1/f_auto,q_auto:eco/bda612e0-9f93-431e-b350-4a7c24776a86/air-zoom-structure-24-mens-road-running-shoes-jNGSf3.png'),
    (55, 'https://static.nike.com/a/images/t_PDP_LOADING_v1/f_auto,q_auto:eco/cb5ce398-9849-437e-a231-c0f526627d57/air-force-1-07-mens-shoes-xDpsTk.png'),
    (200, 'https://static.nike.com/a/images/t_PDP_1280_v1/f_auto/4b341e99-b8d4-4b8a-ad91-1a838705f94b/sportswear-tech-fleece-mens-shorts-8sXggV.png'),
    (396, 'https://static.nike.com/a/images/t_PDP_1280_v1/f_auto,q_auto:eco/815f9c16-d95d-4dac-b645-101902886ba4/sportswear-essential-womens-bike-shorts-KRdVbd.png'),
    (79, 'https://static.nike.com/a/images/t_PDP_LOADING_v1/f_auto,q_auto:eco/c8a6efcf-dfd1-4e50-a5de-9cae9044bf57/react-infinity-run-flyknit-2-mens-road-running-shoes-DttDF2.png'),
    (386, 'https://static.nike.com/a/images/t_PDP_1280_v1/f_auto/50aa19b1-047f-4cd3-9ec7-162f20fb8f43/dri-fit-get-fit-womens-training-shorts-c9bXPF.png'),
    (230, 'https://static.nike.com/a/images/t_PDP_1280_v1/f_auto/86e98d07-ad5c-4859-8c58-bb226ad6d860/everyday-essential-crew-socks-3-pairs-kRP8H8.png'),
    (231, 'https://static.nike.com/a/images/t_PDP_1280_v1/f_auto,q_auto:eco/86e98d07-ad5c-4859-8c58-bb226ad6d860/everyday-essential-crew-socks-3-pairs-kRP8H8.png'),
    (388, 'https://static.nike.com/a/images/t_PDP_LOADING_v1/f_auto,q_auto:eco/9cdc92e3-52c7-485c-9506-004ce9c6a136/sportswear-gym-vintage-womens-shorts-JTlNtk.png'),
    (170, 'https://static.nike.com/a/images/t_PDP_1280_v1/f_auto/3533f661-062a-4b96-8c85-8e78c1593a80/jordan-essentials-mens-diamond-mesh-shorts-1dbVlq.png'),
    (220, 'https://static.nike.com/a/images/t_PDP_LOADING_v1/f_auto,q_auto:eco/b81d9e4b-1289-4923-bada-afd0adea1e04/everyday-plus-cushioned-tie-dye-crew-socks-2-pairs-cs7hcq.png'),
    (222, 'https://static.nike.com/a/images/t_PDP_1280_v1/f_auto,q_auto:eco/b81d9e4b-1289-4923-bada-afd0adea1e04/everyday-plus-cushioned-tie-dye-crew-socks-2-pairs-cs7hcq.png'),
    (24, 'https://static.nike.com/a/images/t_PDP_1280_v1/f_auto,q_auto:eco/3fc5d85e-5f2b-4d8a-bda2-f6974c1cf853/air-huarache-mens-shoes-JppwBb.png'),
    (247, 'https://static.nike.com/a/images/t_PDP_LOADING_v1/f_auto,q_auto:eco/668f0776-9ce0-40a8-bb86-89b80fcb8bf8/everyday-max-cushioned-training-crew-socks-3-pairs-4VTnNbbo.png'),
    (44, 'https://static.nike.com/a/images/t_PDP_1280_v1/f_auto/5ecc4749-74d4-4adb-9889-445c9dac4abd/air-max-97-se-mens-shoes-3l919x.png'),
    (418, 'https://static.nike.com/a/images/t_PDP_LOADING_v1/f_auto,q_auto:eco/97c9393a-4b6b-469c-a73e-3790ae38ce5b/one-aurora-womens-7-marbled-shorts-KGS4Mj.png'),
    (15, 'https://static.nike.com/a/images/t_PDP_1280_v1/f_auto,q_auto:eco/d373e88e-83f7-4c8b-8870-74dd12ed4ed7/air-max-plus-mens-shoes-x9G2xF.png'),
    (104, 'https://static.nike.com/a/images/t_PDP_1280_v1/f_auto/4641ad57-9b6f-40b9-abd2-a7592d627fb4/wildhorse-7-mens-trail-running-shoes-rJ6R7V.png'),
    (122, 'https://static.nike.com/a/images/t_PDP_1280_v1/f_auto/756632cb-6150-4981-830f-5fc9f342c45c/air-zoom-terra-kiger-7-mens-trail-running-shoes-9tC16Z.png'),
    (60, 'https://static.nike.com/a/images/t_PDP_1280_v1/f_auto,q_auto:eco/54f2467f-77bb-4aaf-8e87-8b09e4043001/air-force-1-crater-next-nature-mens-shoes-qQcPmh.png'),
    (11, 'https://static.nike.com/a/images/t_PDP_1280_v1/f_auto/3497e9b8-55cb-47ea-a436-83562ae25506/air-vapormax-2021-fk-mens-shoes-NpTfFz.png'),
    (283, 'https://static.nike.com/a/images/t_PDP_LOADING_v1/f_auto,q_auto:eco/066bc342-743f-4aa4-a4ee-6216075f12a9/spark-cushioned-crew-running-socks-qgZw26.png'),
    (306, 'https://static.nike.com/a/images/t_PDP_1280_v1/f_auto,q_auto:eco/abdd05ce-436f-4557-baf4-ff81376aab42/air-max-intrlk-womens-shoes-wRwftK.png'),
    (18, 'https://static.nike.com/a/images/t_PDP_1280_v1/f_auto,q_auto:eco/fb7eda3c-5ac8-4d05-a18f-1c2c5e82e36e/blazer-mid-77-vintage-mens-shoes-nw30B2.png'),
    (148, 'https://static.nike.com/a/images/t_PDP_LOADING_v1/f_auto,q_auto:eco/e927c8c2-da36-408a-b871-ffa14a9b1b85/flex-stride-mens-5-brief-running-shorts-CTBq85.png'),
    (84, 'https://static.nike.com/a/images/t_PDP_1280_v1/f_auto,q_auto:eco/907bbd17-99f2-4e9b-9e3f-10f6d097066c/zoom-fly-4-mens-road-running-shoes-dw6jzQ.png'),
    (180, 'https://static.nike.com/a/images/t_PDP_1280_v1/f_auto,q_auto:eco/2b3d03b0-d4f7-417e-8b68-664d503426ef/dri-fit-icon-mens-basketball-shorts-2c8F76.png'),
    (5, 'https://static.nike.com/a/images/t_PDP_1280_v1/f_auto/wzitsrb4oucx9jukxsmc/air-max-90-mens-shoes-6n3vKB.png'),
    (311, 'https://static.nike.com/a/images/t_PDP_1280_v1/f_auto/85be5afa-edeb-49f3-94e7-9b2ee65a5429/air-force-1-shadow-womens-shoes-kTgn9J.png'),
    (190, 'https://static.nike.com/a/images/t_PDP_LOADING_v1/f_auto,q_auto:eco/d54e80e8-7fcb-4888-98e8-f69822cdf77a/sportswear-swoosh-league-mens-fleece-shorts-sZM37z.png'),
    (162, 'https://static.nike.com/a/images/t_PDP_1280_v1/f_auto,q_auto:eco/d008d534-aec5-4997-bcc3-1eea34fe28d0/sportswear-sport-essentials-mens-allover-print-shorts-THmQp5.png'),
    (42, 'https://static.nike.com/a/images/t_PDP_1280_v1/f_auto,q_auto:eco/b8ea9f88-c03e-4bd4-bcac-64f33e0d678d/air-max-97-se-mens-shoes-6xRN2b.png'),
    (340, 'https://static.nike.com/a/images/t_PDP_LOADING_v1/f_auto,q_auto:eco/4bc12e38-eee8-47f2-8213-10ae9211aff1/blazer-mid-77-next-nature-womens-shoes-qNrQzq.png'),
    (313, 'https://static.nike.com/a/images/t_PDP_LOADING_v1/f_auto,q_auto:eco/519e7ebe-7e5a-49ab-b0c0-9da5a57275e6/air-max-2021-womens-shoes-CkfHnZ.png'),
    (181, 'https://static.nike.com/a/images/t_PDP_LOADING_v1/f_auto,q_auto:eco/3217bf42-d83d-4fdf-a1a1-0398651e781b/pro-dri-fit-mens-long-shorts-KpS0nf.png'),
    (145, 'https://static.nike.com/a/images/t_PDP_LOADING_v1/f_auto,q_auto:eco/356c8de6-e093-4684-af40-9c1819aa3a7a/flex-stride-mens-7-brief-running-shorts-BvCXmh.png'),
    (121, 'https://static.nike.com/a/images/t_PDP_LOADING_v1/f_auto,q_auto:eco/756632cb-6150-4981-830f-5fc9f342c45c/air-zoom-terra-kiger-7-mens-trail-running-shoes-9tC16Z.png'),
    (400, 'https://static.nike.com/a/images/t_PDP_LOADING_v1/f_auto,q_auto:eco/dbe3b179-1b5f-4d6e-9f38-e54e75f3f34d/sportswear-essential-womens-fleece-high-rise-shorts-B1tlzH.png'),
    (33, 'https://static.nike.com/a/images/t_PDP_1280_v1/f_auto,q_auto:eco/711ad76e-67d3-40c8-96a8-afffc0369bd9/air-max-2021-mens-shoes-fnRMh3.png'),
    (348, 'https://static.nike.com/a/images/t_PDP_1280_v1/f_auto,q_auto:eco/90018bf7-5e14-4c0e-a40d-65919af6ec2a/blazer-low-platform-womens-shoes-X8Nl4M.png'),
    (412, 'https://static.nike.com/a/images/t_PDP_LOADING_v1/f_auto,q_auto:eco/1a0d8c42-dd1b-4781-b5a5-87abe13b0f66/one-womens-7-shorts-NLfLmD.png'),
    (314, 'https://static.nike.com/a/images/t_PDP_1280_v1/f_auto/519e7ebe-7e5a-49ab-b0c0-9da5a57275e6/air-max-2021-womens-shoes-CkfHnZ.png'),
    (402, 'https://static.nike.com/a/images/t_PDP_1280_v1/f_auto,q_auto:eco/dbe3b179-1b5f-4d6e-9f38-e54e75f3f34d/sportswear-essential-womens-fleece-high-rise-shorts-B1tlzH.png'),
    (385, 'https://static.nike.com/a/images/t_PDP_LOADING_v1/f_auto,q_auto:eco/50aa19b1-047f-4cd3-9ec7-162f20fb8f43/dri-fit-get-fit-womens-training-shorts-c9bXPF.png'),
    (152, 'https://static.nike.com/a/images/t_PDP_1280_v1/f_auto/f5674083-4977-47fc-8eb4-6ddb3ffc5727/pro-dri-fit-flex-rep-mens-shorts-v48gvb.png'),
    (278, 'https://static.nike.com/a/images/t_PDP_1280_v1/f_auto/51ea07e9-33bc-4428-bf93-07db177875e4/spark-lightweight-running-crew-socks-08T4p5.png'),
    (206, 'https://static.nike.com/a/images/t_PDP_1280_v1/f_auto/fd645bd1-f05e-4991-bd22-d4ac998e6f98/yoga-mens-2-in-1-shorts-rmtzVN.png'),
    (126, 'https://static.nike.com/a/images/t_PDP_1280_v1/f_auto,q_auto:eco/a0a74af8-7e59-4940-aa71-21354fbe4002/react-miler-2-shield-mens-weatherized-road-running-shoes-NRzZvt.png'),
    (238, 'https://static.nike.com/a/images/t_PDP_LOADING_v1/f_auto,q_auto:eco/41375698-ba0a-4505-9ed2-8aaca7a443b9/everyday-plus-cushion-training-no-show-socks-3-pairs-N5qMRp.png'),
    (202, 'https://static.nike.com/a/images/t_PDP_LOADING_v1/f_auto,q_auto:eco/097c2d7b-141e-4de2-a7e5-eed394c317b3/sportswear-club-mens-cargo-shorts-mcX0rZ.png'),
    (89, 'https://static.nike.com/a/images/t_PDP_1280_v1/f_auto/336a399b-946f-4552-9e7c-0b9e369f6b64/air-zoom-alphafly-next-flyknit-ekiden-road-racing-shoes-fNntgL.png'),
    (31, 'https://static.nike.com/a/images/t_PDP_LOADING_v1/f_auto,q_auto:eco/711ad76e-67d3-40c8-96a8-afffc0369bd9/air-max-2021-mens-shoes-fnRMh3.png'),
    (155, 'https://static.nike.com/a/images/t_PDP_1280_v1/f_auto/8890b121-13de-43a6-a8b4-bb43dbfc6848/dri-fit-run-division-flex-stride-mens-2-in-1-5-running-shorts-Xg4vRk.png'),
    (275, 'https://static.nike.com/a/images/t_PDP_1280_v1/f_auto/8481ab19-c084-4ef4-8e2f-6bf9a3814432/sportswear-everyday-essential-crew-socks-3-pairs-J2fbZS.png'),
    (341, 'https://static.nike.com/a/images/t_PDP_1280_v1/f_auto/4bc12e38-eee8-47f2-8213-10ae9211aff1/blazer-mid-77-next-nature-womens-shoes-qNrQzq.png'),
    (159, 'https://static.nike.com/a/images/t_PDP_1280_v1/f_auto,q_auto:eco/96d22b82-e7a8-4e26-8226-38b552661e85/sportswear-sport-essentials-mens-woven-lined-flow-shorts-5nvp4d.png'),
    (375, 'https://static.nike.com/a/images/t_PDP_1280_v1/f_auto,q_auto:eco/1de934f2-6fac-403f-8de3-718bd38d3e31/tempo-icon-clash-womens-running-shorts-PDF1x2.png'),
    (137, 'https://static.nike.com/a/images/t_PDP_1280_v1/f_auto/4b42b228-74ea-46f6-8343-c486cf01bbcb/air-zoom-pegasus-38-flyease-mens-easy-on-off-road-running-shoes-H16QG5.png'),
    (267, 'https://static.nike.com/a/images/t_PDP_1280_v1/f_auto,q_auto:eco/4e8cfc8b-6c3a-487e-8d9c-f4b64d93e8b8/dri-fit-flyease-crew-socks-Wk5gk2.png'),
    (41, 'https://static.nike.com/a/images/t_PDP_1280_v1/f_auto/b8ea9f88-c03e-4bd4-bcac-64f33e0d678d/air-max-97-se-mens-shoes-6xRN2b.png'),
    (71, 'https://static.nike.com/a/images/t_PDP_1280_v1/f_auto/a1e114f9-f9dc-423b-812f-b2768dd19c7f/air-presto-mid-utility-mens-shoes-5Q7PsF.png'),
    (113, 'https://static.nike.com/a/images/t_PDP_1280_v1/f_auto/7f821d80-15dd-467f-af6d-800f3a5c2c46/wio-8-shield-mens-weatherized-road-running-shoes-qxXXKS.png'),
    (399, 'https://static.nike.com/a/images/t_PDP_1280_v1/f_auto,q_auto:eco/398caea7-2f87-402d-8647-6129da84f337/pro-dri-fit-womens-3-high-rise-training-shorts-fJlsS2.png'),
    (302, 'https://static.nike.com/a/images/t_PDP_1280_v1/f_auto/aa654de9-05f0-4708-bfdd-c4fb028e540a/air-max-dawn-womens-shoes-224mWf.png'),
    (185, 'https://static.nike.com/a/images/t_PDP_1280_v1/f_auto/c34efd16-1e32-4f32-9401-4930b31089f3/pro-dri-fit-mens-shorts-m2ZgQg.png'),
    (173, 'https://static.nike.com/a/images/t_PDP_1280_v1/f_auto/413fd737-54f6-48dc-b977-95324a6661fe/jordan-sport-dri-fit-mens-diamond-shorts-BQRTb5.png'),
    (357, 'https://static.nike.com/a/images/t_PDP_1280_v1/f_auto,q_auto:eco/186c1048-8364-4bb6-9c67-b24a4edddb49/jordan-series-5-womens-shoes-Cs1zm4.png'),
    (75, 'https://static.nike.com/a/images/t_PDP_1280_v1/f_auto,q_auto:eco/801207c8-124e-45f3-9877-0bd2e7712f60/air-zoom-pegasus-38-mens-road-running-shoes-lq7PZZ.png');

insert into products(id, name, description) values
    (1, 'Nike Air Force 1 ''07', 'The radiance lives on in the Nike Air Force 1 07, the b-ball OG that puts a fresh spin on what you know best: durably stitched overlays, clean finishes and the perfect amount of flash to make you shine. Shown: White/White Style: CW2288-111'),
    (2, 'Nike Air Max 90', 'Nothing as fly, nothing as comfortable, nothing as proven. The Nike Air Max 90 stays true to its OG running roots with the iconic Waffle sole, stitched overlays and classic TPU details. Classic colors celebrate your fresh look while Max Air cushioning adds comfort to the journey. Shown: Iron Grey/Dark Smoke Grey/Black/White Style: CN8490-002'),
    (3, 'Nike Air Max Terrascape 90', 'Consider for a moment that pause when you see something new. Something exciting. That''s the Nike Air Max Terrascape 90. Take for example how we''ve made it from at least 20% recycled content by weight. Or how its new cupsole design uses speckles made from Nike Grind, which is recycled waste (i.e., the scraps) from the footwear manufacturing process. Consider the triple-stitched comfort collar and the Crater foam midsole. It''s something like city meets outdoors. Now, no more considering. Shown: Sail/Sea Glass/Black Style: DH2973-100'),
    (4, 'Nike Air VaporMax 2021 FK', 'Spring is in the Airand also in your step! The VaporMax Air unit uses the pressure from your stride to create a springy bounce with every move. The Flyknit upper is breathable and structured to help keep your feet cool and secure. Shown: Black/Cargo Khaki/Washed Teal/Chlorophyll Style: DQ7640-001'),
    (5, 'Nike Air Max Plus', 'Every Air Max has a story. For the Air Max Plus, that story begins on a beach. A prominent arch draws inspiration from a whales tail, while wavy plastic overlays are a nod to palm trees blowing in the breeze. Nike Air units in the heel and forefoot create a Tuned Air experience that offers incredible stability and unbelievable cushioning. Lace them up and step into defiant style. Shown: White/Kumquat/Black/Marina Style: DV3507-100'),
    (6, 'Nike Blazer Mid ''77 Vintage', 'In the 70s, Nike was the new shoe on the block. So new in fact, we were still breaking into the basketball scene and testing prototypes on the feet of our local team. Of course, the design improved over the years, but the name stuck. The Nike Blazer Mid 77 Vintageclassic since the beginning. Shown: White/Black Style: BQ6806-100'),
    (7, 'Nike Waffle One Crater', 'Good for breakfast. Great for lunch. Perfect for dinner. Best for wearing. The Nike Waffle One Crater is eye-candy for your feet. Bringing classic track style into a modern realm, it lets you do good by looking good. The Waffle outsole features some Nike Grind, the wedge midsole contains supportive Crater foam, and for added depth, the sporty upper includes transparent mesh. We bet you never knew your style would make people salivate. Shown: Summit White/Team Red/Blue Void Style: DM2873-101'),
    (8, 'Nike Air Huarache', 'Release your discontent, let your worries fall away and get moving in the Nike Air Huarache. Built to fit your foot and designed for comfort, these kicks put a fresh spin on a street-level favorite. Breathable, neoprene-like fabric, stripped-away branding and an unmistakable heel clip keep the early 90s look you love, while subtle yin-yang symbols on the insole and side encourage you to seek balance and harmony in your day. Shown: Lemon Drop/Sail/Light Marine/Off Noir Style: DV2117-700'),
    (9, 'Jordan Delta 2 SE', 'The Jordan Delta 2 SE offers a fresh, fearless take on the features you want: durability, comfort and an attitude that''s Jordan to the core. We updated design lines and swapped out some components, but the idea is the same as the first Delta. The 2 still has that clashing combination of supportive and space age-like materials, with lots of different textures and heavy stitching to create a look that''s both adventurous and iconic. Shown: Light Pumice/Racer Blue/Chile Red/Pure Platinum Style: DJ9843-004'),
    (10, 'Jordan Point Lane', 'The Jordan Point Lane mixes elements from game shoes MJ wore during 3 of his most memorable seasons. Named for his Chicago address, this mash-up pulls in bits and pieces from the AJ3, AJ6 and AJ11 to create a shoe that''s inspired by greatness and uncompromising in its comfort. Shown: Wolf Grey/Cool Grey/White Style: CZ4166-002'),
    (11, 'Nike Air Max 270', 'Nike''s first lifestyle Air Max brings you style, comfort and big attitude in the Nike Air Max 270. The design draws inspiration from Air Max icons, showcasing Nike''s greatest innovation with its large window and fresh array of colors. Shown: Black/White/Solar Red/Anthracite Style: AH8050-002'),
    (12, 'Nike Air VaporMax Plus', 'The Nike Air VaporMax Plus looks to the past and propels you into the future. Nodding to the 1998 Air Max Plus with its floating cage, padded upper and heel logo, it adds revolutionary VaporMax Air technology to ramp up the comfort and create a modern look. Shown: Black/Black/Dark Grey Style: 924453-004'),
    (13, 'Nike Air Max 2021', 'We could use a lot of superlatives to describe these shoes. We could tell you that the new Air cushioning system delivers the most revolutionary sensation youve ever felt. Or say the cored-out foam midsole gives you an incredible, super soft feel. But what fun is giving away all the surprises? Lace up and feel the next era of Air for yourself. Made from at least 20% recycled materials by weight. Shown: Black/Mystic Red/Cosmic Clay/White Style: DH4245-001'),
    (14, 'Nike Air Max 97 SE', 'Blooming with springtime details, this edition of the AM97 is all about new beginningsincluding some materials that are getting a second life through recycling. Made from at least 20% recycled materials. Classic canvas underlays keep it airy, deco stitching energizes the look and embroidered graphics keep your style fresh as a spring daisy. Shown: Iron Grey/Particle Grey/Celery/Phantom Style: DH4759-001'),
    (15, 'Nike Air Max 97 SE', 'Max Air changed the game in 87. Now, we honor its emerald anniversary (35 years!) with the Nike Air Max 97 SE. Emerald graphics and colors highlight this big landmark, while rocking the classic curvy design lines and cushioning of the original. Shown: Black/Summit White/Sport Turquoise Style: DN1893-001'),
    (16, 'Nike Blazer Mid ''77 Premium', 'Styled for the 70s. Loved in the 80s. Classic in the 90s. Ready for the future. The Nike Blazer Mid 77 Premium delivers a timeless design thats easy to wear. Leather upper breaks in beautifully and pairs with retro branding and suede accents for a classic look. Exposed foam on the tongue and a special midsole finish make it look like youve just pulled them from the history books. Go ahead, perfect your outfit. Shown: Light Bone/Medium Grey/Alpha Orange/Coconut Milk Style: DM0178-001'),
    (17, 'Nike SB Zoom Blazer Mid Premium', 'The Nike SB Zoom Blazer Mid Premium has something for everyone. Each detail, from the mosaic-like mix of materials to the patchwork details to the faded, printed canvas, celebrates unity and the beauty that can emerge when different elements are held in equal importance. Shown: Boarder Blue/Celery/Barely Green/Racer Blue Style: DM0859-400'),
    (18, 'Nike Air Force 1 ''07', 'The radiance lives on in the Nike Air Force 1 07, the b-ball OG that puts a fresh spin on what you know best: crisp leather, clean colorways and the perfect amount of flash to make you shine. This clean, pure white finish adds the gum sole contrast for a fresh, versatile look with just the right amount of pop. Shown: White/Gum Light Brown/White Style: DJ2739-100'),
    (19, 'Nike Air Force 1 ''07', 'The radiance lives on in the Nike Air Force 1 07, the b-ball icon that puts a fresh spin on what you know best: crisp leather, bold colors and the perfect amount of flash to make you shine. Shown: Pure Platinum/White/White Style: CT2302-003'),
    (20, 'Nike Air Force 1 Crater Next Nature', 'The radiance lives on in the Nike Air Force 1 Crater, the b-ball icon that''s now made with at least 20% recycled materials by weight. The rubber outsole is made with some Nike Grind, which is recycled waste (i.e., the scraps) from the footwear manufacturing process. The laces and insole are made from recycled polyester. It''s everything you know best and then some. Shown: White/Volt/Black/Light Bone Style: DH8083-100'),
    (21, 'Nike Air Force 1 Mid ''07', 'The Air Force 1 Mid ''07 is everything you know best: crisp overlays, bold accents and the perfect amount of flash to let you shine. The padded, mid-cut collar with classic hook-and-loop closure adds heritage b-ball comfort while perforations on the toe keep you cool. Shown: White/White Style: CW2289-111'),
    (22, 'Nike Air Force 1 ''07 High', 'From sanded leather to classic coloring with a satin sheen, this Air Force 1 High ''07 is everything you know best: crisp overlays, bold accents and the perfect amount of flash to let your shoe game shine. The padded, high-cut collar with classic hook-and-loop closure adds heritage comfort while perforations in the toe keep you cool. Shown: White/Black Style: CT2303-100'),
    (23, 'Nike Air Presto', 'With a sleek design that''s more comfortable than your favorite joggers, the Nike Air Presto is made to feel good and look fast. Its stretchy sleeve creates a cozy, sock-like fit while the supersoft foam adds spring to your step. Put them on, and you''ll never want to take them off. Shown: Persian Violet/White/Volt/Bright Crimson Style: DO6693-500'),
    (24, 'Nike Air Presto Mid Utility', 'Don''t worry about the shift from sunny days to winter months in the Nike Air Presto Mid Utility. Crafted with stretchy fabric on the upper that''s designed to help you stay dry, it delivers extra toughness. Its warm liner keeps that favorite T-shirt comfort you know. Shown: Orange/Black/White/Orange Style: DC8751-800'),
    (25, 'Nike Air Zoom Pegasus 38', 'The road is your runway. Get ready to take flight in the workhorse with wings. Back with extra bounce thats perfect for hitting the pavement. Whether youre racking up everyday miles or on your long run, feel the spring in your step with the same cushioned support as its predecessor. Breathable mesh in the upper combines the comfort and durability you want with a wider fit at the toes. Shown: White/Pure Platinum/Wolf Grey/Imperial Blue Style: CW7356-103'),
    (26, 'Nike ZoomX Invincible Run Flyknit', 'Get after those long runs with lightweight, responsive foam that delivers a soft feel with every step. A Flyknit upper gives your foot breathability where you need it most and secure fit you can depend on. Designed for maximum shock absorption with a wider forefoot for stability and a more curved outsole for easier heel-to-toe transitions. As one of our most tested shoes, lace up and feel the potential when your foot hits the pavement. Shown: Grey Fog/Dynamic Turquoise/Hyper Pink/Black Style: CT2228-003'),
    (27, 'Nike React Infinity Run Flyknit 2', 'The Nike React Infinity Run Flyknit 2 continues to help keep you running. A refreshed Flyknit upper uses Flywire technology for support and breathability where you need it. Higher foam provides soft responsiveness and long-lasting comfort, plus a wider forefoot helps lessen the chance of stress-related injuries. It''s still one of our most tested shoes, designed to help you feel the potential when your foot hits the pavement. Shown: Black/Smoke Grey/Grey Fog/Metallic Gold Style: CT2357-009'),
    (28, 'Nike Zoom Fly 4', 'Train hard and find your rhythm on the road. From the moment you lace up, the lacing system wraps around your foot for a secure feel from start to finish. The added flex feels highly responsive and secure with every step. A soft, breathable upper combines with a stretchy collar for a socklike fit for a secure, stable sensation. Shown: Black/Green Strike/Total Orange/Volt Style: DQ4993-010'),
    (29, 'Nike ZoomX Vaporfly Next% 2', 'Continue the next evolution of speed with a racing shoe made to help you chase new goals and records. It helps improve comfort and breathability with a redesigned upper. From a 10K to a marathon, this model, like the previous version, has the responsive cushioning and secure support to push you towards your personal best. Shown: White/Metallic Silver/Black Style: CU4111-100'),
    (30, 'Nike Air Zoom Alphafly NEXT% Flyknit Ekiden', 'Gear up for your next personal best with the Nike Air Zoom Alphafly NEXT% Flyknit Ekiden. It gives you the greatest energy return of all our racing shoes with a propulsive feel through the finish line. The design is light, breathable and backed by data to help keep you comfortable. Shown: Amarillo/Magma Orange/Healing Orange/Black Style: DO2407-728'),
    (31, 'Nike React Phantom Run Flyknit 2', 'The Nike React Phantom Run Flyknit 2 offers versatility for the everyday runner. Building on the foundation of its predecessor, the shoe expands on its laceless design by adding secure support that feels like it "disappears" on your foot. More foam means better cushioning, keeping you comfortable as you run. Shown: True White/Black/Pure Platinum/White Style: CJ0277-100'),
    (32, 'Nike React Miler 3', 'Cushioned and comfortable, just like every run should feel. The Nike React Miler 3 gives you a soft and smooth ride as your feet hit the pavement. We added stability at the heel for a secure sensation, while durable traction helps keep you going on runs long and short. Shown: Black/Siren Red/Volt/White Style: DD0490-003'),
    (33, 'Nike Pegasus Trail 3 GORE-TEX', 'Over the river and through the woods, you''re ready for it all. These trail running shoes have improved structure and durability while maintaining flexibility wherever your run takes you. Lugs and improved traction help keep you steady on rough terrain. The water-resistant upper helps keep you moving on rocky trails even when stormy conditions try to slow you down. Don''t let the rain stop you, lace up and take on the elements. Shown: Cocao Wow/Hyper Royal/Malachite/Rush Orange Style: DR0137-200'),
    (34, 'Nike Pegasus Trail 3', 'Find your wings with an off-road run. The Nike Pegasus Trail 3 has the same comfort you love, with a design that nods to the classic Pegasus look. Nike React foam delivers responsive cushioning while tough traction helps you stay moving through rocky terrain. More support around the midfoot helps you feel secure on your journey. Shown: Laser Blue/Mint Foam/Black/Habanero Red Style: DA8697-400'),
    (35, 'Nike Wildhorse 7', 'Take on those tough and extreme trail runs with the rugged build of the Nike Wildhorse 7. Confidently take on rocky terrain with high-abrasion rubber on the outsole that adds durable traction. The upper delivers durable ventilation with support where you need it. Foam midsole cushioning gives a neutral feel and provides responsiveness on every mile. Shown: Cargo Khaki/Matte Olive/Obsidian/Siren Red Style: CZ1856-302'),
    (36, 'Nike Air Zoom Terra Kiger 8', 'The Nike Air Zoom Terra Kiger 8 keeps it light and tight. It''s a no-frills shoe built with only what you need, for a secure fit and feel. We made it to help keep your foot in place, so you stay agile and upright over uneven terrain. Plus, it''s got the soft cushioning and responsive feel that gives you a little extra spring with every step. So strap in and get ready to run through the mud and with the trail. Shown: Habanero Red/Total Orange/Laser Blue/Black Style: DH0649-600'),
    (37, 'Nike Air Zoom Vomero 16', 'A trusted favorite for your daily training returns. This version adds responsive ZoomX foam cushioning, bringing an energetic pop to your stride thats perfect for high mileage on the road. Its super lightweight, with plenty of stretch and ventilation through the upper with just the right amount of support. Shown: White/Volt/Particle Grey/Black Style: DR9878-100'),
    (38, 'Nike Winflo 8 Shield', 'Gear up for rainy runs with weatherized support to match your speed. Air Zoom units give soft cushioning for maximum comfort, with a neutral feel that helps lessen the chance of stress-related injuries. Plus, tire-inspired soles offer tough traction for grip that keeps you running on slick streets. Bonded seams help keep water out so you can hit your winter goals with confidence. Shown: Black/Metallic Silver/Thunder Blue/Iron Grey Style: DC3727-001'),
    (39, 'Nike Air Zoom Tempo NEXT%', 'While these speedsters could easily pass the test on race day, they double as your go-to shoe for your training routine. The supportive fit and soft cushioning work together to make them comfortable enough to withstand those double-digit mileage days, and light enough to help quicken your tempo when the time is right. Shown: Black/Anthracite/Pure Platinum/White Style: CI9923-005'),
    (40, 'Nike Quest 4', 'The pursuit of speed continues with the Nike Quest 4. Take on the streets with higher foam heights and cushioned comfort combined with a lightweight upper that offers secure support. Intuitive details make it a staple for the everyday runner. Shown: Light Smoke Grey/Black/Siren Red/White Style: DA1105-007'),
    (41, 'Nike Air Zoom Terra Kiger 7', 'Run the trail in a super responsive running shoe. Fast and lightweight, it delivers a breathable and secure feel as you race over rocky paths. Updated traction lugs provide stability for your downhill miles. Shown: Black/Anthracite/Pure Platinum Style: CW6062-002'),
    (42, 'Nike React Miler 2 Shield', 'Don''t let the rain stop your daily running routine. We took the classic look of your favorite runner and added a warm upper with a weatherized coating. Our goal was to keep your feet dry in damp conditions, so we added details like a gusseted and insulated tongue. And with a supportive design built for maximum shock absorption, each step feels stable. Tough, tire-inspired traction creates grip to help keep you moving on slick streets. Shown: Black/Off Noir/Light Smoke Grey/Platinum Tint Style: DC4064-001'),
    (43, 'Nike Winflo 8', 'If running is a daily habit, you need support to match your speed. The Nike Winflo 8 brings back the cushioning you love and pairs it with details like a translucent upper and Flywire technology for a snug, stable fit for long road runs. Shown: Wolf Grey/Pure Platinum/Imperial Blue/Bright Crimson Style: CW3419-004'),
    (44, 'Nike React Miler 2', 'When running becomes a daily habit, stability and comfort are crucial. The Nike React Miler 2 deliversbringing back the soft cushioning and intuitive design of its predecessor. Its redesigned upper helps cut down on the bulk, offering support and a secure feel on long and short road runs. Shown: Medium Ash/Black/Wolf Grey/Kumquat Style: CW7121-200'),
    (45, 'Nike Air Zoom Structure 24', 'Get ready to hit the road in the responsive cushioning and secure fit of the Nike Air Zoom Structure 24. We tested hundreds of runners to design the crash pad under your heel that creates a cushioned, smooth transition from heel to toe. Those insights also created an airy upper with breathability right where you need it. Shown: Black/Anthracite/Kumquat/Pure Platinum Style: DA8535-003'),
    (46, 'Nike Air Zoom Pegasus 38 FlyEase', 'Your workhorse with wings returns, this time with a wider forefoot and a FlyEase entry system that gets you in and out quickly on your daily runs. It has the same cushioned support you love and expect from the Pegasus, helping you fly past your personal goals and your fiercest competitoryourself. Shown: Black/Anthracite/Volt/White Style: DA6674-001'),
    (47, 'Nike Free RN Flyknit 2018', 'Made for short runs when you want a barefoot-like feel, the Nike Free RN Flyknit 2018 feels super light and flexible. Its sock-like upper has more stretch yarns than previous versions, so it hugs your feet more than ever. The innovative sole has an updated construction, yet still expands and contracts with every movement. The packable design makes the shoe easy to stuff into your bagso you can get in a few miles on the fly. Shown: Black/White Style: 942838-001'),
    (48, 'Nike Flex Experience Run 10', 'Simple and versatile, the Nike Flex Experience Run 10 is built for movement. Made for the casual runner, its secure design and lightweight cushioning in heel help you put in miles. Bonus: The simple, redesigned upper pairs great with casual wear so you can enjoy comfort built for all-day wear. Shown: Pure Platinum/Wolf Grey/White/Imperial Blue Style: CI9960-010'),
    (49, 'Nike Flex Stride', 'The Nike Flex Stride Shorts are updated with an all-new woven fabric and enhanced breathability in high-sweat areas. Their soft brief liner provides secure support where you need it. This product is made with at least 50% recycled polyester fibers. Shown: Sport Spice Style: CJ5459-816'),
    (50, 'Nike Flex Stride', 'The Nike Flex Stride Shorts have an all-new woven fabric and enhanced breathability in high-sweat areas. Their soft brief liner provides secure support where you need it most. Convenient pockets stash items on the run. This product is made with at least 50% recycled polyester fibers. Shown: Sangria Style: CJ5453-610'),
    (51, 'Nike Pro Dri-FIT Flex Rep', 'The Nike Pro Dri-FIT Flex Rep Shorts feature lightweight, flexible fabric that keeps you dry and moving naturally as you squat, stretch and sprint. Stretchy reinforcement in high-wear areas stands up to the demands of high-intensity workouts or competition. Shown: Archaeo Brown/Black Style: DD1700-256'),
    (52, 'Nike Dri-FIT Run Division Flex Stride', 'When you''re deep into your daily run, moving freely is key. With the 2-in-1 Nike Dri-FIT Run Division Flex Stride Shorts, you''ve got a smooth lightweight feel with a design made to keep you going, without restriction. Keep it moving, you''ve got goals to hit. Shown: Cave Stone/Black Style: DM4634-289'),
    (53, 'Nike Sportswear Sport Essentials', 'Whether you''re running to the nearest food truck or diving into your favorite swimming hole, the Nike Sportswear Sport Essentials Lined Flow Shorts are a good idea. Lined for comfort, the smooth woven fabric is lightweight and lends itself to adventures of all kinds. Shown: Black/White Style: DM6829-010'),
    (54, 'Nike Sportswear Sport Essentials+', 'Made with our iconic Club Fleece, the Nike Sportswear Sport Essentials+ Shorts are a loungewear staple you can rock when you''re at home or away. Their brushed fleece construction feels soft and warm and features an allover print that elevates the look. Shown: Black/White Style: DM6885-010'),
    (55, 'Nike Sportswear', 'Vacation or staycation, spring break is a whole vibe. Let these French terry shorts be your off duty uniformthe bold colors and wood-block prints will bring the island to you. Shown: Mint Foam/Kumquat Style: DR9823-379'),
    (56, 'Nike Sportswear Color Clash', 'This warm layer is like your 2 favorite shorts joined together to create a bold cut-and-sew look. We kept the soft, brushed-back fleece you love and upgraded the style. Wear with the matching hoodie, and ride the wave. Shown: Light Marine/Lemon Drop Style: DR9856-548'),
    (57, 'Jordan Essentials', 'Elevate your style for the summer season. Partially made with recycled polyester fibers, these double-layer mesh shorts are trimmed to match the diamond design of an iconic MJ uniform. Metallic hardware and embroidered graphics upgrade the look and feel of this essential Jordan silhouette. This product is made with at least 50% recycled polyester fibers. Shown: Seafoam Style: DM1367-017'),
    (58, 'Jordan Sport Dri-FIT', 'The Jordan Dri-FIT Air Diamond Shorts bring street style and iconic heritage onto the basketball court. Made from light, breathable mesh with sweat-wicking technology, they set you up with versatile wearability for your entire day. This product is made with 100% recycled polyester fibers. Shown: Ocean Cube/Black/Ocean Cube/Sail Style: DH9075-366'),
    (59, 'Nike Dri-FIT', 'Basic doesn''t mean boring. The Nike Dri-FIT Basketball Shorts have a light, loose feel with sweat-wicking technology to keep you dry. They make their mark with a large Swoosh logo cut from fabric and stitched into the side. Shown: Midnight Navy/White/University Red Style: DH6763-410'),
    (60, 'Nike Dri-FIT Icon', 'The Nike Dri-FIT Icon Shorts are a basketball essential, with a lightweight feel and a loose fit that''s easy to move around in. They''re made from a breathable knit fabric with sweat-wicking technology to help you stay comfortable in clutch moments. Shown: University Red/White/White/Black Style: AJ3914-659'),
    (61, 'Nike Pro Dri-FIT', 'The Nike Pro Dri-FIT Shorts hug you with lightweight fabric to help you feel dry, cool and supported from warmups through cool downs. They''re made with at least 75% recycled polyester fibers in a stretchy design that helps you move at full intensity during your toughest workouts or competitions. Shown: Black/White Style: DD1911-010'),
    (62, 'Nike Pro Dri-FIT', 'Much more than a base layer, the Nike Pro Dri-FIT Shorts hug you with lightweight fabric that keeps you feeling dry, cool and supported from warmups through cool downs. They''re made with at least 75% recycled polyester fibers in a stretchy design that helps you move at full intensity during your toughest workouts or competitions. Shown: Iron Grey/Black/Black Style: DD1917-068'),
    (63, 'Nike Sportswear Club', 'The Nike Sportswear Club Shorts blend classic comfort with a bold graphic for street-ready style. Crafted from soft fleece, they''ve got you covered for all-day wear. Shown: Vivid Sulfur/Vivid Sulfur Style: BV2721-709'),
    (64, 'Nike Sportswear Swoosh League', 'Ready for cool downs and lounging around, the Nike Sportswear Swoosh League Shorts are an easy-fitting style made with super-soft fleece for a comfortable, warm feel. Shown: Coconut Milk Style: DM5469-113'),
    (65, 'Jordan Sport DNA', 'Too cool for school. With lightweight French terry and an easy, relaxed fit, these shorts were made for summer. They come in a range of fun colors, including an iced tie-dye print inspired by the legendary ''85 "Freeze Out"when rivals on MJ''s All-Star team allegedly conspired to keep the ball out of his hands. Shown: Black Style: DM1871-010'),
    (66, 'Jordan Essentials', 'Refresh your mesh with the Jordan Essentials Mesh Graphic Shorts. They''re made using a double layer of cool, breathable fabric with an easy, relaxed fit. Puff and flat-ink graphics give it a Michael Jordan signature finish. Shown: Washed Teal Style: DH9048-392'),
    (67, 'Nike Sportswear Tech Fleece', 'The Nike Sportswear Tech Fleece Shorts are made with double-sided spacer fleece engineered to maximize warmth without adding extra weight or bulk to your look. Side seam pockets provide quick storage, while an elastic drawstring waist lets you adjust the fit on the fly. Shown: Dark Marina Blue/Light Bone Style: CU4503-407'),
    (68, 'Nike Sportswear Club', 'The Nike Sportswear Club Fleece Shorts are made with a soft, brushed-back fleece that provides a comfortable feel ready for everyday wear. Shown: Rough Green/Rough Green/White Style: CZ9956-326'),
    (69, 'Nike Yoga', 'The Nike Yoga Shorts include an inner layer made of Nike Infinalon fabric that feels irresistibly soft and smooth while providing a gentle compressive feel as you stretch and move. The looser outer layer lets you move comfortably while staying covered. They include sweat-wicking power to help keep you dry when your practice heats up. Shown: Ash Green/Mint Foam/Black Style: DC5320-058'),
    (70, 'Nike Yoga Dri-FIT', 'The soft and stretchy Nike Yoga Dri-FIT Shorts let you flow freely through your sessionor anywhere else your day takes you. They bring purpose to your practice with a sweat-wicking design that is made with at least 75% recycled polyester fibers. Shown: Black Style: CZ2235-070'),
    (71, 'Nike Air', 'Classic ''90s sport design and versatile warmth make the Nike Air Shorts an easy pick for everyday wear. Open hole mesh side panels provide an athletic look while an oversized Nike Air Futura logo wrapping around the left leg completes the look. Shown: Black/Light Bone Style: DM5211-010'),
    (72, 'Nike Sportswear Resort', 'These shorts have a breathable mesh lining and lightweight woven fabric, so you can stay cool and comfortable on warmer days. The back pocket has a drainage grommet ideal for days spent in or out of the water. Shown: Pink Salt Style: DQ3487-603'),
    (73, 'Nike Everyday Plus Cushioned', 'The Nike Everyday Plus Cushioned Socks bring comfort to your workout with extra cushioning under the heel and forefoot and a snug, supportive arch band. Sweat-wicking power and breathability up top help keep your feet dry and cool to help push you through that extra set. Shown: Mystic Navy/Worn Blue/Worn Blue Style: DD2795-438'),
    (74, 'Nike Everyday Plus', 'A true hybrid of style and comfort, the Nike Everyday Plus Crew Socks are cushioned in keys areas to keep you comfortable throughout the day. Dri-FIT fabric and breathable mesh at the top of your foot help keep your feet feeling cool and dry while an arch band provides a snug fit. Pack includes 2 pairs of socks. Shown: Multi-Color Style: DM3407-906'),
    (75, 'Nike Everyday Plus Cushioned', 'The Nike Everyday Plus Cushioned Socks bring comfort to your workout with extra cushioning under the heel and forefoot and a snug, supportive arch band. Sweat-wicking power and breathability up top help keep your feet dry and cool to help push you through that extra set. Shown: Multi-Color Style: SX6897-903'),
    (76, 'Nike Everyday Plus Cushioned', 'The Nike Everyday Plus Cushioned Socks bring comfort to your workout with extra cushioning under the heel and forefoot and a snug, supportive arch band. Sweat-wicking power and breathability up top help keep your feet dry and cool to help push you through that extra set. Shown: Carbon Heather/Black Style: SX6888-064'),
    (77, 'Nike Everyday Essential', 'Now a staple in streetwear, the camo print comes in all shapes and colors. The Nike Everyday Essential Crew Socks give you 3 pairs to choose from to help you coordinate with your look. This product is made with at least 75% recycled polyester fibers. Shown: Multi-Color Style: DH3414-902'),
    (78, 'Nike Elite Kay Yow', 'Wear your support for the Kay Yow Cancer Fund. The Nike Elite Kay Yow Crew Socks are stretchy and soft, with sweat-wicking technology. An arch band and ribbed structure help them fit snugly. Shown: Vivid Pink/Pink Foam/Pink Blast/White Style: DA5063-616'),
    (79, 'Nike Everyday Plus Cushioned', 'The Nike Everyday Plus Cushioned Socks bring comfort to your workout with extra cushioning under the heel and forefoot and a snug, supportive arch band. Sweat-wicking power and breathability up top help keep your feet dry and cool to help push you through that extra set. Shown: White/Black Style: SX6898-100'),
    (80, 'Nike Everyday Plus Cushion', 'The Nike Everyday Plus Cushioned Socks bring comfort to your workout with extra cushioning under the heel and forefoot and a snug, supportive arch band. Sweat-wicking power and breathability up top help keep your feet dry and cool to help push you through that extra set. Shown: Black/White Style: SX6889-010'),
    (81, 'Nike Everyday Plus Cushioned', 'The Nike Everyday socks are dip-dyed to satisfy your desire to add a little extra fun to your workout. As comfortable as they are colorful, this easy-fitting crew is powered by Dri-FIT to keep you comfortable while you sweat it out. Shown: Multi-Color Style: DH6096-904'),
    (82, 'Nike Everyday Plus Cushioned', 'The Nike Everyday Ankle Socks are dip-dyed to satisfy your desire for color. As comfortable as they are colorful, this easy-fitting ankle sock is a fun way to add a little pop to your look. Shown: Multi-Color Style: DH6304-904'),
    (83, 'Nike Everyday Max Cushioned', 'Break through your ceiling with the Nike Everyday Max Cushioned Socks. The thick terry sole gives you extra comfort for foot drills and lifts while high-friction yarns in the footbed reduce slippage. Shown: Black/Anthracite/White Style: SX5547-010'),
    (84, 'Nike Everyday Max Cushioned', 'Power through your workout with the Nike Everyday Max Cushioned Socks. The thick terry sole gives you extra comfort for foot drills and lifts while high-friction yarns in the footbed reduce slippage. Shown: White/Wolf Grey/Black Style: SX5549-100'),
    (85, 'Nike Everyday Plus Cushioned', 'The Nike Everyday Plus Cushioned Socks bring comfort to your day with extra cushioning under the heel and forefoot and a snug, supportive arch band. Sweat-wicking power and breathability up top help keep your feet dry and cool to help push you through that extra set. Shown: Multi-Color Style: DH3822-904'),
    (86, 'Nike Everyday Plus Cushioned', 'The Nike Everyday Plus Cushioned Socks bring comfort to your workout with extra cushioning under the heel and forefoot and a snug, supportive arch band. Sweat-wicking power and breathability up top help keep your feet dry and cool to help push you through that extra set. Shown: Multi-Color Style: DH3827-904'),
    (87, 'Nike Everyday Plus Cushioned', 'As wild and outdoorsy as these socks look, they''re actually just big softies. Their heathered, knit construction offers a trail-ready look and extra-cozy feel perfect for pairing with your favorite sandals, hiking boots and sneakers. Shown: Black/White Style: DH3778-010'),
    (88, 'Nike Everyday Plus Cushioned', 'As outdoorsy as the Nike Everyday Plus Cushioned ankle socks look, they''re actually just big softies. Their heathered, knit construction offers a trail-ready look and extra-cozy feel perfect for pairing with your favorite hiking boots, sneakers or even just your slippers. Shown: Black/White Style: DJ5857-010'),
    (89, 'Nike Dri-FIT FlyEase', 'Specially created for athletes* who want an everyday sock, the Nike FlyEase Crew Socks offer an adaptive design to fit your sport and lifestyle needs. Made from soft, stretchy yarns with sweat-wicking Dri-FIT technology, they are designed to adapt to your foot''s size and shape for a more variable fit. Shown: Blue Void/Court Blue/White Style: DH5160-492'),
    (90, 'Nike Everyday Plus Cushioned', 'The Nike Everyday Plus Cushioned Socks bring comfort to your workout with extra cushioning under the heel and forefoot and a snug, supportive arch band. Sweat-wicking power and breathability up top help keep your feet dry and cool to help push you through that extra set. Shown: Black/White Style: SX6890-010'),
    (91, 'Nike Sportswear Everyday Essential', 'Whether you''re wearing your favorite high-tops or trainers, the Nike Sportswear Everyday Essentials Socks have you covered. The pack comes with a no-show, ankle, and crew design to ensure you have the right sock for whatever sneaker you''re wearing that day. The striped details pull inspiration from the colorful reflective materials used in this season''s apparel. Shown: Multi-Color Style: DA2601-902'),
    (92, 'Nike Sportswear Everyday Essential', 'Put your best foot forward with the Nike Sportswear Everyday Essential Socks. Made with soft, stretchy fabric and designed for daily wear, they''re durable, breathable and extra comfortable. This product is made with at least 75% recycled polyester fibers. Shown: White/Game Royal/Game Royal Style: DX5089-105'),
    (93, 'Nike Spark Lightweight', 'Designed for the runner looking for a barefoot feel, the Nike Spark Lightweight Socks feature sweat-wicking technology and mesh fabric for a dry and cool experience. Extra yarn in the footbed and ankle provide subtle micro cushioning, giving you soft support with every step. Reflective updates have been placed in key areas, making this sock stand out from previous versions. Shown: Volt Style: DA3584-702'),
    (94, 'Nike Spark', 'When you''re on the run, you want cushioning for miles. The Nike Spark Socks deliver, with a secure and breathable fit made for your workout. Shown: White Style: CU7199-100'),
    (95, 'Nike Spark', 'When you''re on the run, you want cushioning for miles. The Nike Spark Socks deliver, with a secure and breathable fit made for your workout. Shown: White Style: CU7200-100'),
    (96, 'Nike Spark', 'When you''re on the run, you want padding for miles. The Nike Spark Socks deliver, with a secure and breathable fit made for your workout. Cushioning underfoot gives you the comfort you need for the journey ahead. Shown: White Style: CU7201-100'),
    (97, 'Nike Air Force 1 ''07', 'The radiance lives on in the Nike Air Force 1 07, the b-ball icon that puts a fresh spin on what you know best: crisp leather, bold colors and the perfect amount of flash to make you shine. Shown: White/White/White/White Style: DD8959-100'),
    (98, 'Nike Blazer Mid ''77 Vintage', 'Styled for the 70s. Loved in the 80s. Classic in the 90s. Ready for the future. The Nike Blazer Mid 77 Vintage delivers a timeless design thats easy to wear. Its unbelievably crisp leather upper breaks in beautifully and pairs with bold retro branding and luscious suede accents for a premium feel. Exposed foam on the tongue and a special midsole finish make it look like youve just pulled them from the history books. Go ahead, perfect your outfit. Shown: White/Sail/Peach/Black Style: CZ1055-100'),
    (99, 'Nike Air Max 90', 'Nothing as fly, nothing as comfortable, nothing as proventhe Nike Air Max 90 stays true to its roots with the iconic Waffle sole, stitched overlays and classic TPU accents. Fresh details give a modern look while Max Air cushioning adds comfort to your journey. Shown: Aura/Ocean Cube/Summit White/Aura Style: DJ5415-400'),
    (100, 'Nike Air Max 97', 'Push your style full speed ahead in the Nike Air Max 97, featuring the original''s ripple design inspired by Japanese bullet trains. Taking the revolutionary full-length Nike Air unit that shook up the running world and adding fresh details, it lets you ride in first-class comfort. Shown: Aura/Ocean Cube/Summit White/Metallic Silver Style: DJ5434-400'),
    (101, 'Nike Air Max Dawn', 'Rooted to track DNA, the Air Max Dawn is made with at least 20% recycled material by weight. Synthetic suede and textile materials blend vintage running vibes with fresh details. Nike Air cushioning delivers a feel-good forecast for the day. Shown: White/Light Bone/Black/Purple Dawn Style: DC4068-100'),
    (102, 'Nike Air Max INTRLK', 'You''ve got to feel the sensation to be the sensation. Enter the Nike Air Max INTRLK. Stacked Air cushioning turns the page in comfort with increased responsiveness and the perfect amount of bounce. Lightweight, easy-to-style materials stand up to wear and tear. Finishing it off, the Waffle-inspired outsole adds true Nike zest. Shown: Summit White/White/Sail/Light Smoke Grey Style: DQ2904-100'),
    (103, 'Nike Blazer Mid ''77', 'The classic retro fit that was born in the ''70s has kept its cool through the decades. Made with crisp leather, soft suede and a thick rubber sole, these kicks make it look like you traveled back in time and just pulled them out of the box. With tags and logos straight from the vault, they give a vintage, laid-back touch to any outfit. Shown: Sail/White/Hyper Royal/Marina Style: DQ8596-100'),
    (104, 'Nike Air Force 1 Shadow', 'Irridescent shine, multiple Swooshes, and exaggerated proportions sprinkle a little extra flavor into these court classics. Eye-catching layers of colors and materials make this iteration of the AF1 stand outand you''ll be able to wear them all day, thanks to stacked foam cushioning. Shown: Summit White/Grey Fog/Bright Spruce/Summit White Style: DR7856-100'),
    (105, 'Nike Air Max 2021', 'We could use a lot of superlatives to describe the Nike Air Max 2021. We could tell you that weve incorporated recycled materials to design a sneaker with at least 20% recycled content. Or the new Air cushioning unit underfoot is our most revolutionary. Perhaps wed call it the "the pinnacle of comfort," waxing poetic about the cored-out foam midsole that gives you the lightest, softest feel. But maybe we just say it''s modern meets technical with a splash of heritage DNA. What fun is giving away the surprises? Shown: Spruce Aura/Plum Fog/Purple Dawn/Smoke Grey Style: DC9478-002'),
    (106, 'Nike Air Vapormax 2021 FK', 'Made from at least 20% recycled materials by weight, the Nike Air VaporMax 2021 FK is airy and easy to wear with superstretchy, recycled Flyknit fabric (plus a soft collar that sculpts your ankle). The stitched-on Swoosh and recycled TPU heel clip add a splash of intrigue as you float down the streets on incredibly soft VaporMax cushioning. Shown: Plum Fog/Grey Fog/Metallic Silver/Plum Fog Style: DC9454-500'),
    (107, 'Nike Air VaporMax Plus', 'The Nike Air VaporMax Plus looks to the past to propel you into the future. With a design that nods to the futuristic ''98 Air Max Plus, it adds revolutionary VaporMax Air technology to ramp up the comfort. Cool, icy color blocking ties together the tried-and-true vibe, helping this shoe walk across eras. Shown: Photon Dust/Volt/Total Orange/Black Style: DQ4695-001'),
    (108, 'Nike Air Max 270', 'Enjoy the sleek design of the Nike Air Max 270 in a suite of cool, icy color blocking. An extra large Max Air unit provides ultra-plush cushioning under every step and a dramatic style statement, while the stretchy inner sleeve provides a snug, socklike fit that''s sure to keep you comfortable all day, every day. Shown: Summit White/White/Volt/Black Style: DO6691-100'),
    (109, 'Nike Air Huarache', 'Built to fit your foot and designed for comfort, the Nike Air Huarache brings back the street-level favorite. Smooth leather on the upper mixes with super-breathable, perfectly shined neoprene-like fabric for easy styling. The low-cut collar and bootie-like construction keep it sleek and comfy. The iconic heel clip and stripped away branding keep the original ''90s running look you love. Shown: White/Bright Crimson/Black/Volt Style: DH4439-106'),
    (110, 'Nike Air Force 1 ''07', 'The ''82 hoops original returns with peace, love and, of course, a cushy Air-Sole unit. Soft suede, custom embroidery and a peace-sign tongue complete the groovy vibe. Shown: White/Sail/Bleached Coral/Solar Flare Style: DQ7656-100'),
    (111, 'Nike Blazer Low ''77 Jumbo', 'They say, "Don''t fix what works." We say, "Perfect it." This streetwear superstar gets revamped with jumbo-sized details. Harnessing the old-school look you love, the Nike Blazer Low ''77 Jumbo features an oversized Swoosh design, extra-wide laces and thicker stitching. Shown: White/Rose Whisper/White/Pink Oxford Style: DQ1470-102'),
    (112, 'Nike Air Force 1 ''07 SE', 'The radiance lives on in the b-ball original that puts a fresh spin on what you know best. Blooming with springtime details, its fun-loving colors and patches add a burst of energy to your day. Shown: White/Boarder Blue/Citron Tint/Pink Oxford Style: DJ6377-100'),
    (113, 'Nike Air Force 1 Fontanka', 'The Nike Air Force 1 Fontanka lets a new wave of comfort and style take hold with a design that celebrates the rebellious underground rave scene. This iteration takes that inspiration even further with reflective details designed to work with the strobe lighting often found on a dance floor to make you and your moves shine. Slip them on and let the dance party begin. Shown: White/White/White/White Style: DQ5021-100'),
    (114, 'Nike Blazer Mid ''77 Next Nature', 'Styled for the 70s. Loved in the 80s. Classic in the 90s. Ready for the future. The Nike Blazer Mid 77 Next Nature now delivers a timeless design made from at least 20% recycled materials by weight. Its smooth, synthetic leather upper is free of animal ingredients, breaks in beautifully and includes recycled materials. Go ahead, do good by looking good. Shown: White/University Blue Style: DQ4124-101'),
    (115, 'Nike Blazer Low Platform Next Nature', 'Lift up classic simplicity and comfort in the Nike Blazer Low Platform Next Nature. Fresh spring colors and embroidered details elevate the hoops icon. The lifted midsole/outsole adds a confident look. Its super-soft, low-cut collar delivers comfort. It''s your wardrobe staple that rises to the occasion. Shown: Citron Tint/Pale Ivory/Black/Pale Ivory Style: DJ6376-800'),
    (116, 'Nike Blazer Low Platform', 'Praised for its classic simplicity and comfort, the Nike Blazer Low Platform elevates the hoops icon. The lifted midsole/outsole lets you step confidently while the upper keeps the proportions you loved from the original. Shown: White/White/Black/Light Lemon Twist Style: DJ0292-102'),
    (117, 'Nike Vista NA', 'With all the elements you need for a day outdoors, these sandals deliver bigwithout weighing you down. They''re light and airy, with tough tread and responsive cushioning. You''ll stay secure thanks to the customizable strap system, which can be swapped out for a different color any time you feel like switching up the look. Shown: Black/Black/White Style: DJ6608-001'),
    (118, 'Nike Icon Classic', 'Lifted. Classic hoops detailing. Strappy but easy to wear. Check all the boxes in the Nike Icon Classic. Its big, bold midsole wows with comfort. The outsole pattern delivers iconic Air Force 1 vibes, while the multiple hook-and-loop straps add a fearless look. Get ready to shine with this new voice in sandal style. Shown: Black/White/White Style: DH0224-001'),
    (119, 'Jordan Series .05', 'Upgrade your favorite ''fit with these sophisticated sneaks. They feature soft suede and bold neon accentsa fresh addition to your daily rotation. And of course, they''re built with the durability and premium comfort that Jordan Brand is known for. Shown: White/Green Strike/Pink Prime/Black Style: DM3383-105'),
    (120, 'Air Jordan OG', 'Designed for women basketball players and inspired by the legacy of MJ, the Air Jordan OG is ready for its debut. It features durable materials, a sculpted midsole and a distinct segmented traction patternplus the lightweight Air cushioning you know and love. Shown: White/White/Metallic Silver Style: CW0907-100'),
    (121, 'Nike Air Zoom Pegasus 38', 'The road is your runway. Get ready to take flight in the workhorse with wings. Back with extra bounce thats perfect for hitting the pavement. Whether youre racking up everyday miles or on your long run, feel the spring in your step with the same cushioned support as its predecessor. Breathable mesh in the upper combines the comfort and durability you want with a wider fit at the toes. Shown: White/Pure Platinum/Wolf Grey/Imperial Blue Style: CW7356-103'),
    (122, 'Nike ZoomX Invincible Run Flyknit', 'Get after those long runs with lightweight, responsive foam that delivers a soft feel with every step. A Flyknit upper gives your foot breathability where you need it most and secure fit you can depend on. Designed for maximum shock absorption with a wider forefoot for stability and a more curved outsole for easier heel-to-toe transitions. As one of our most tested shoes, lace up and feel the potential when your foot hits the pavement. Shown: Grey Fog/Dynamic Turquoise/Hyper Pink/Black Style: CT2228-003'),
    (123, 'Nike React Infinity Run Flyknit 2', 'The Nike React Infinity Run Flyknit 2 continues to help keep you running. A refreshed Flyknit upper uses Flywire technology for support and breathability where you need it. Higher foam provides soft responsiveness and long-lasting comfort, plus a wider forefoot helps lessen the chance of stress-related injuries. It''s still one of our most tested shoes, designed to help you feel the potential when your foot hits the pavement. Shown: Black/Smoke Grey/Grey Fog/Metallic Gold Style: CT2357-009'),
    (124, 'Nike Zoom Fly 4', 'Train hard and find your rhythm on the road. From the moment you lace up, the lacing system wraps around your foot for a secure feel from start to finish. The added flex feels highly responsive and secure with every step. A soft, breathable upper combines with a stretchy collar for a socklike fit for a secure, stable sensation. Shown: Black/Green Strike/Total Orange/Volt Style: DQ4993-010'),
    (125, 'Nike ZoomX Vaporfly Next% 2', 'Continue the next evolution of speed with a racing shoe made to help you chase new goals and records. It helps improve comfort and breathability with a redesigned upper. From a 10K to a marathon, this model, like the previous version, has the responsive cushioning and secure support to push you towards your personal best. Shown: White/Metallic Silver/Black Style: CU4111-100'),
    (126, 'Nike Air Zoom Alphafly NEXT% Flyknit Ekiden', 'Gear up for your next personal best with the Nike Air Zoom Alphafly NEXT% Flyknit Ekiden. It gives you the greatest energy return of all our racing shoes with a propulsive feel through the finish line. The design is light, breathable and backed by data to help keep you comfortable. Shown: Amarillo/Magma Orange/Healing Orange/Black Style: DO2407-728'),
    (127, 'Nike React Phantom Run Flyknit 2', 'The Nike React Phantom Run Flyknit 2 offers versatility for the everyday runner. Building on the foundation of its predecessor, the shoe expands on its laceless design by adding secure support that feels like it "disappears" on your foot. More foam means better cushioning, keeping you comfortable as you run. Shown: True White/Black/Pure Platinum/White Style: CJ0277-100'),
    (128, 'Nike React Miler 3', 'Cushioned and comfortable, just like every run should feel. The Nike React Miler 3 gives you a soft and smooth ride as your feet hit the pavement. We added stability at the heel for a secure sensation, while durable traction helps keep you going on runs long and short. Shown: Black/Siren Red/Volt/White Style: DD0490-003'),
    (129, 'Nike Pegasus Trail 3 GORE-TEX', 'Over the river and through the woods, you''re ready for it all. These trail running shoes have improved structure and durability while maintaining flexibility wherever your run takes you. Lugs and improved traction help keep you steady on rough terrain. The water-resistant upper helps keep you moving on rocky trails even when stormy conditions try to slow you down. Don''t let the rain stop you, lace up and take on the elements. Shown: Cocao Wow/Hyper Royal/Malachite/Rush Orange Style: DR0137-200'),
    (130, 'Nike Pegasus Trail 3', 'Find your wings with an off-road run. The Nike Pegasus Trail 3 has the same comfort you love, with a design that nods to the classic Pegasus look. Nike React foam delivers responsive cushioning while tough traction helps you stay moving through rocky terrain. More support around the midfoot helps you feel secure on your journey. Shown: Laser Blue/Mint Foam/Black/Habanero Red Style: DA8697-400'),
    (131, 'Nike Wildhorse 7', 'Take on those tough and extreme trail runs with the rugged build of the Nike Wildhorse 7. Confidently take on rocky terrain with high-abrasion rubber on the outsole that adds durable traction. The upper delivers durable ventilation with support where you need it. Foam midsole cushioning gives a neutral feel and provides responsiveness on every mile. Shown: Cargo Khaki/Matte Olive/Obsidian/Siren Red Style: CZ1856-302'),
    (132, 'Nike Air Zoom Terra Kiger 8', 'The Nike Air Zoom Terra Kiger 8 keeps it light and tight. It''s a no-frills shoe built with only what you need, for a secure fit and feel. We made it to help keep your foot in place, so you stay agile and upright over uneven terrain. Plus, it''s got the soft cushioning and responsive feel that gives you a little extra spring with every step. So strap in and get ready to run through the mud and with the trail. Shown: Habanero Red/Total Orange/Laser Blue/Black Style: DH0649-600'),
    (133, 'Nike Air Zoom Vomero 16', 'A trusted favorite for your daily training returns. This version adds responsive ZoomX foam cushioning, bringing an energetic pop to your stride thats perfect for high mileage on the road. Its super lightweight, with plenty of stretch and ventilation through the upper with just the right amount of support. Shown: White/Volt/Particle Grey/Black Style: DR9878-100'),
    (134, 'Nike Winflo 8 Shield', 'Gear up for rainy runs with weatherized support to match your speed. Air Zoom units give soft cushioning for maximum comfort, with a neutral feel that helps lessen the chance of stress-related injuries. Plus, tire-inspired soles offer tough traction for grip that keeps you running on slick streets. Bonded seams help keep water out so you can hit your winter goals with confidence. Shown: Black/Metallic Silver/Thunder Blue/Iron Grey Style: DC3727-001'),
    (135, 'Nike Air Zoom Tempo NEXT%', 'While these speedsters could easily pass the test on race day, they double as your go-to shoe for your training routine. The supportive fit and soft cushioning work together to make them comfortable enough to withstand those double-digit mileage days, and light enough to help quicken your tempo when the time is right. Shown: Black/Anthracite/Pure Platinum/White Style: CI9923-005'),
    (136, 'Nike Quest 4', 'The pursuit of speed continues with the Nike Quest 4. Take on the streets with higher foam heights and cushioned comfort combined with a lightweight upper that offers secure support. Intuitive details make it a staple for the everyday runner. Shown: Light Smoke Grey/Black/Siren Red/White Style: DA1105-007'),
    (137, 'Nike Air Zoom Terra Kiger 7', 'Run the trail in a super responsive running shoe. Fast and lightweight, it delivers a breathable and secure feel as you race over rocky paths. Updated traction lugs provide stability for your downhill miles. Shown: Black/Anthracite/Pure Platinum Style: CW6062-002'),
    (138, 'Nike React Miler 2 Shield', 'Don''t let the rain stop your daily running routine. We took the classic look of your favorite runner and added a warm upper with a weatherized coating. Our goal was to keep your feet dry in damp conditions, so we added details like a gusseted and insulated tongue. And with a supportive design built for maximum shock absorption, each step feels stable. Tough, tire-inspired traction creates grip to help keep you moving on slick streets. Shown: Black/Off Noir/Light Smoke Grey/Platinum Tint Style: DC4064-001'),
    (139, 'Nike Winflo 8', 'If running is a daily habit, you need support to match your speed. The Nike Winflo 8 brings back the cushioning you love and pairs it with details like a translucent upper and Flywire technology for a snug, stable fit for long road runs. Shown: Wolf Grey/Pure Platinum/Imperial Blue/Bright Crimson Style: CW3419-004'),
    (140, 'Nike React Miler 2', 'When running becomes a daily habit, stability and comfort are crucial. The Nike React Miler 2 deliversbringing back the soft cushioning and intuitive design of its predecessor. Its redesigned upper helps cut down on the bulk, offering support and a secure feel on long and short road runs. Shown: Medium Ash/Black/Wolf Grey/Kumquat Style: CW7121-200'),
    (141, 'Nike Air Zoom Structure 24', 'Get ready to hit the road in the responsive cushioning and secure fit of the Nike Air Zoom Structure 24. We tested hundreds of runners to design the crash pad under your heel that creates a cushioned, smooth transition from heel to toe. Those insights also created an airy upper with breathability right where you need it. Shown: Black/Anthracite/Kumquat/Pure Platinum Style: DA8535-003'),
    (142, 'Nike Air Zoom Pegasus 38 FlyEase', 'Your workhorse with wings returns, this time with a wider forefoot and a FlyEase entry system that gets you in and out quickly on your daily runs. It has the same cushioned support you love and expect from the Pegasus, helping you fly past your personal goals and your fiercest competitoryourself. Shown: Black/Anthracite/Volt/White Style: DA6674-001'),
    (143, 'Nike Free RN Flyknit 2018', 'Made for short runs when you want a barefoot-like feel, the Nike Free RN Flyknit 2018 feels super light and flexible. Its sock-like upper has more stretch yarns than previous versions, so it hugs your feet more than ever. The innovative sole has an updated construction, yet still expands and contracts with every movement. The packable design makes the shoe easy to stuff into your bagso you can get in a few miles on the fly. Shown: Black/White Style: 942838-001'),
    (144, 'Nike Flex Experience Run 10', 'Simple and versatile, the Nike Flex Experience Run 10 is built for movement. Made for the casual runner, its secure design and lightweight cushioning in heel help you put in miles. Bonus: The simple, redesigned upper pairs great with casual wear so you can enjoy comfort built for all-day wear. Shown: Pure Platinum/Wolf Grey/White/Imperial Blue Style: CI9960-010'),
    (145, 'Nike Sportswear Essential', 'Made with a soft, smooth woven fabric and a roomy fit, these shorts deliver a comfortable, casual feel you can wear all day. Cargo pockets provide a utility look and secure small-item storage. Designed to sit at your belly button, they''re a natural fit for your favorite cropped tops. Shown: Hemp/White Style: DM6247-200'),
    (146, 'Jordan (Her)itage', 'Light, airy, legendary. Inspired by an iconic MJ uniform design, the Diamond Shorts are one of Jordan Brand''s most beloved silhouettes. This season, it''s all about the (Her)itage, with a more breathable take on the all-time fav. The mesh fabric stands out with an allover distorted dye print and striped tape trim. Shown: Light Orewood Brown/Olive Grey Style: DM5260-104'),
    (147, 'Nike One', 'Springtime workouts are more fun with gear that helps keep you dry and stays put. Great for running, spin or yoga, these shorts, with a pop of color, take you into sunny-day sessions with ease. This product is made with at least 50% recycled polyester fibers. Shown: Light Dew Style: DV0053-382'),
    (148, 'Nike Dri-FIT Tempo', 'Light and smooth, the Nike Tempo Shorts deliver the right coverage for your run. Their iconic design features curved side panels with integrated breathability for cooling and movement where you need it. An easy access pocket lets you keep a key or card close. This product is made with at least 75% recycled polyester fibers. Shown: Washed Teal/Rose Whisper/Marina/Marina Style: DO7847-392'),
    (149, 'Nike Tempo Icon Clash', 'Take some of the comforts of home with you on your run. Updated with colors and textures inspired by your favorite quilts, the light, smooth Nike Tempo Shorts deliver the right coverage for your run. Their iconic design features curved side panels with integrated mesh for cooling and movement where you need it. An easy-access pocket lets you keep a key or card close. Shown: Marina/Washed Teal/White Style: DM7393-404'),
    (150, 'Nike Dri-FIT One Icon Clash', 'Athletes are inspired when we allow ourselves to take the sport we love and perform according to our own rules. These training shorts are made for movement while still leaning into the coziness of home with a lush floral pattern. Challenge the status quo and find your inner icon. This product is made with at least 50% recycled polyester fibers. Shown: Black/Black Style: DN5238-010'),
    (151, 'Nike Pro 365', 'The Nike Pro 365 Shorts wrap you in stretchy fabric with Dri-FIT technology to keep you feeling supported and dry during intense workouts. This product is made with at least 50% recycled polyester fibers. Shown: Worn Blue/White Style: DR6858-494'),
    (152, 'Nike Sportswear Club Fleece', 'Made from soft French terry fabric, the Nike Sportswear Club Fleece Shorts give you classic comfort and simple style for an easy summer look. Shown: Black/Black/White Style: CJ3924-010'),
    (153, 'Nike Dri-FIT Get Fit', 'Cinch up the perfect fit while you''re getting after it. These pull-on shorts feature a comfy elastic waistband with an adjustable drawcord. Soft French terry fabric with sweat-wicking technology offers lasting comfort before, during and after your workout. Shown: Black/White Style: DM7291-010'),
    (154, 'Nike Sportswear Gym Vintage', 'Building on the details that transform basics into favorites, we''ve updated these shorts reminiscent of gym class with a nepped cotton jersey fabric. Smooth and soft, this knit fabric is accented with flecks of color, creating subtle shifts in the hue for a snowy, vintage look. This product is made with at least 75% sustainable materials, using a blend of both recycled polyester and organic cotton fibers. The blend is at least 10% recycled fibers or at least 10% organic cotton fibers. Shown: Dark Grey Heather/White Style: DM6392-063'),
    (155, 'Nike Sportswear Essential', 'The soft and stretchy fabric of these bike shorts helps wick sweat away from your body to help keep you feeling cool and dry throughout the day. Pair them with your go-to sweatshirt for a classic look, whether you''re running errands or going for a run. Shown: White/Black Style: DV0034-100'),
    (156, 'Nike Sportswear Essential', 'The Nike Sportswear Bike Shorts update a favorite retro style with a mid-rise design and a snug stretch waistband. Stretchy, sweat-wicking fabric and a Swoosh logo make these an easy choice for everyday wear. Shown: Black/White Style: CZ8526-010'),
    (157, 'Nike Pro Dri-FIT', 'The functional design of the Nike Pro Shorts give you smooth, stretchy, go-to performance ready to take on your toughest workouts. The high-rise waistband gently hugs your body for a snug-yet-comfy fit. 2 drop-in side pockets are big enough to hold your phone and other small essentials. This product is made with at least 50% recycled polyester fibers. Shown: Active Pink/White Style: DM6938-621'),
    (158, 'Nike Sportswear Essential', 'Stay comfy in these shorts combining heavyweight fleece with our Baller Short design for an extra-cozy, lounge-ready feel. Sitting at your belly button, their high-rise fit offers added support and effortless style perfect for everyday wear. Shown: Active Pink/White Style: DM6123-621'),
    (159, 'Nike Tempo', 'The Nike Tempo Shorts deliver a classic fit with sweat-wicking technology. Their trimmed-up design moves with you on every mile. This product is made with at least 50% recycled polyester fibers. Shown: Ashen Slate/Ashen Slate/Ashen Slate/Wolf Grey Style: DB4487-493'),
    (160, 'Nike Flex Essential 2-in-1', 'The Nike Flex Essential 2-in-1 Shorts have a tight, stretchy base layer underneath a loose, woven outer layer. They give you plenty of flexibility and have sweat-wicking technology to keep you dry and comfortable. Shown: Smoke Grey/Black/Black Style: DA0453-085'),
    (161, 'Nike Dri-FIT Icon Clash 10K', 'Take on your route in the smooth comfort of the Nike Dri-FIT Icon Clash 10K Shorts. Sweat-wicking technology and an elastic, ventilated waistband help you stay cool with every mile. Colors and graphics nod to the love of home and the importance of staying up on your self-care. This product is made with at least 75% recycled polyester fibers. Shown: Black/Black Style: DM7395-010'),
    (162, 'Nike One', 'Ready for a workout or down to chillthe Nike One Shorts are one of our most versatile silhouettes. The super comfortable starburst design wicks sweat to help keep you dry. Plus, you cant see through the fabric, so you can feel confident knowing youre covered. Shown: Pearl White Style: DQ3594-219'),
    (163, 'Nike Sportswear', 'The Nike Sportswear Shorts are made with French terry fabric for versatile warmth ready for everyday wear. Shown: Birch Heather/White/Black Style: CZ3554-051'),
    (164, 'Nike One Aurora', 'Ready for a workout or down to chillthe Nike One Aurora Shorts are one of our most versatile silhouettes. Set up with an astral-inspired print, the super comfortable design wicks sweat to help keep you dry. Plus, you cant see through the fabric, so you can feel confident knowing youre covered. This product is made with at least 50% recycled polyester fibers. Shown: Black Style: DO6200-010'),
    (165, 'Nike One', 'Springtime workouts are more fun with gear that helps keep you dry and stays put. Great for running, spin or yoga, these shorts with a pop of color take you into sunny-day sessions with ease. This product is made with at least 50% recycled polyester fibers. Shown: Amethyst Wave Style: DV0054-565'),
    (166, 'Nike Tempo Luxe', 'Blend iconic DNA with a look that turns heads. The Nike Tempo Luxe Shorts use stretch fabric and side slits for greater movement. Convenient pockets provide plenty of discrete storage options. Shown: Active Pink/Mystic Hibiscus Style: CZ9584-621'),
    (167, 'Nike Yoga Luxe', 'The Nike Yoga Luxe Shorts hug you with a sculpting waistband in a high-rise, non-sheer design that passes the squat test. As part of the Nike Luxe line, these shorts define luxury with buttery-soft Nike Infinalon fabric that gives you a gently compressive feel while keeping you dry as you breathe, stretch and hold your pose. Shown: Black/Dark Smoke Grey Style: CZ9194-010'),
    (168, 'Nike Pro', 'The Nike Pro Shorts are made with stretchy, sleek and supportive fabric that wicks sweat to help you stay dry and comfortable during your workout. This product is made with at least 50% recycled polyester fibers. Shown: Game Royal/Black/White Style: CZ9857-480'),
    (169, 'Nike Everyday Plus Cushioned', 'The Nike Everyday Plus Cushioned Socks bring comfort to your workout with extra cushioning under the heel and forefoot and a snug, supportive arch band. Sweat-wicking power and breathability up top help keep your feet dry and cool to help push you through that extra set. Shown: Mystic Navy/Worn Blue/Worn Blue Style: DD2795-438'),
    (170, 'Nike Everyday Plus', 'A true hybrid of style and comfort, the Nike Everyday Plus Crew Socks are cushioned in keys areas to keep you comfortable throughout the day. Dri-FIT fabric and breathable mesh at the top of your foot help keep your feet feeling cool and dry while an arch band provides a snug fit. Pack includes 2 pairs of socks. Shown: Multi-Color Style: DM3407-906'),
    (171, 'Nike Everyday Plus Cushioned', 'The Nike Everyday Plus Cushioned Socks bring comfort to your workout with extra cushioning under the heel and forefoot and a snug, supportive arch band. Sweat-wicking power and breathability up top help keep your feet dry and cool to help push you through that extra set. Shown: Carbon Heather/Black Style: SX6888-064'),
    (172, 'Nike Everyday Essential', 'Now a staple in streetwear, the camo print comes in all shapes and colors. The Nike Everyday Essential Crew Socks give you 3 pairs to choose from to help you coordinate with your look. This product is made with at least 75% recycled polyester fibers. Shown: Multi-Color Style: DH3414-902'),
    (173, 'Nike Elite Kay Yow', 'Wear your support for the Kay Yow Cancer Fund. The Nike Elite Kay Yow Crew Socks are stretchy and soft, with sweat-wicking technology. An arch band and ribbed structure help them fit snugly. Shown: Vivid Pink/Pink Foam/Pink Blast/White Style: DA5063-616'),
    (174, 'Nike Everyday Plus Cushion', 'The Nike Everyday Plus Cushioned Socks bring comfort to your workout with extra cushioning under the heel and forefoot and a snug, supportive arch band. Sweat-wicking power and breathability up top help keep your feet dry and cool to help push you through that extra set. Shown: Black/White Style: SX6889-010'),
    (175, 'Nike Everyday Plus Cushioned', 'The Nike Everyday socks are dip-dyed to satisfy your desire to add a little extra fun to your workout. As comfortable as they are colorful, this easy-fitting crew is powered by Dri-FIT to keep you comfortable while you sweat it out. Shown: Multi-Color Style: DH6096-904'),
    (176, 'Nike Everyday Plus Cushioned', 'The Nike Everyday Ankle Socks are dip-dyed to satisfy your desire for color. As comfortable as they are colorful, this easy-fitting ankle sock is a fun way to add a little pop to your look. Shown: Multi-Color Style: DH6304-904'),
    (177, 'Nike Everyday Max Cushioned', 'Break through your ceiling with the Nike Everyday Max Cushioned Socks. The thick terry sole gives you extra comfort for foot drills and lifts while high-friction yarns in the footbed reduce slippage. Shown: Black/Anthracite/White Style: SX5547-010'),
    (178, 'Nike Everyday Max Cushioned', 'Power through your workout with the Nike Everyday Max Cushioned Socks. The thick terry sole gives you extra comfort for foot drills and lifts while high-friction yarns in the footbed reduce slippage. Shown: White/Wolf Grey/Black Style: SX5549-100'),
    (179, 'Nike Everyday Plus Cushioned', 'The Nike Everyday Plus Cushioned Socks bring comfort to your day with extra cushioning under the heel and forefoot and a snug, supportive arch band. Sweat-wicking power and breathability up top help keep your feet dry and cool to help push you through that extra set. Shown: Multi-Color Style: DH3822-904'),
    (180, 'Nike Everyday Plus Cushioned', 'The Nike Everyday Plus Cushioned Socks bring comfort to your workout with extra cushioning under the heel and forefoot and a snug, supportive arch band. Sweat-wicking power and breathability up top help keep your feet dry and cool to help push you through that extra set. Shown: Multi-Color Style: DH3827-904'),
    (181, 'Nike Everyday Plus Cushioned', 'As wild and outdoorsy as these socks look, they''re actually just big softies. Their heathered, knit construction offers a trail-ready look and extra-cozy feel perfect for pairing with your favorite sandals, hiking boots and sneakers. Shown: Black/White Style: DH3778-010'),
    (182, 'Nike Everyday Plus Cushioned', 'As outdoorsy as the Nike Everyday Plus Cushioned ankle socks look, they''re actually just big softies. Their heathered, knit construction offers a trail-ready look and extra-cozy feel perfect for pairing with your favorite hiking boots, sneakers or even just your slippers. Shown: Black/White Style: DJ5857-010'),
    (183, 'Nike Everyday', 'Work out for the frill of it. Combining soft yarns with sweat-wicking power, these scrunched-cuff socks help keep your feet dry and comfortable during your training sessions without sacrificing style. Shown: Amethyst Wave/White Style: DH5485-565'),
    (184, 'Nike Everyday Lightweight', 'Stay comfortable all day with the Nike Everyday Lightweight Socks. The no-show design offers low-profile style so your shoes can shine. Shown: Multi-Color Style: DA4222-902'),
    (185, 'Nike Dri-FIT FlyEase', 'Specially created for athletes* who want an everyday sock, the Nike FlyEase Crew Socks offer an adaptive design to fit your sport and lifestyle needs. Made from soft, stretchy yarns with sweat-wicking Dri-FIT technology, they are designed to adapt to your foot''s size and shape for a more variable fit. Shown: Blue Void/Court Blue/White Style: DH5160-492'),
    (186, 'Nike Everyday Plus Cushioned', 'The Nike Everyday Plus Cushioned Socks bring comfort to your workout with extra cushioning under the heel and forefoot and a snug, supportive arch band. Sweat-wicking power and breathability up top help keep your feet dry and cool to help push you through that extra set. Shown: Black/White Style: SX6890-010'),
    (187, 'Nike Sportswear Everyday Essential', 'Whether you''re wearing your favorite high-tops or trainers, the Nike Sportswear Everyday Essentials Socks have you covered. The pack comes with a no-show, ankle, and crew design to ensure you have the right sock for whatever sneaker you''re wearing that day. The striped details pull inspiration from the colorful reflective materials used in this season''s apparel. Shown: Multi-Color Style: DA2601-902'),
    (188, 'Nike Sportswear Everyday Essential', 'Put your best foot forward with the Nike Sportswear Everyday Essential Socks. Made with soft, stretchy fabric and designed for daily wear, they''re durable, breathable and extra comfortable. This product is made with at least 75% recycled polyester fibers. Shown: White/Game Royal/Game Royal Style: DX5089-105'),
    (189, 'Nike Spark Lightweight', 'Designed for the runner looking for a barefoot feel, the Nike Spark Lightweight Socks feature sweat-wicking technology and mesh fabric for a dry and cool experience. Extra yarn in the footbed and ankle provide subtle micro cushioning, giving you soft support with every step. Reflective updates have been placed in key areas, making this sock stand out from previous versions. Shown: Volt Style: DA3584-702'),
    (190, 'Nike Spark', 'When you''re on the run, you want cushioning for miles. The Nike Spark Socks deliver, with a secure and breathable fit made for your workout. Shown: White Style: CU7199-100'),
    (191, 'Nike Spark', 'When you''re on the run, you want cushioning for miles. The Nike Spark Socks deliver, with a secure and breathable fit made for your workout. Shown: White Style: CU7200-100'),
    (192, 'Nike Spark', 'When you''re on the run, you want padding for miles. The Nike Spark Socks deliver, with a secure and breathable fit made for your workout. Cushioning underfoot gives you the comfort you need for the journey ahead. Shown: White Style: CU7201-100');

insert into product_images(product_id, file_id, sort) values
    (1, 1, 0),
    (1, 2, 1),
    (1, 3, 2),
    (2, 4, 0),
    (2, 5, 1),
    (2, 6, 2),
    (3, 7, 0),
    (3, 8, 1),
    (3, 9, 2),
    (4, 10, 0),
    (4, 11, 1),
    (4, 12, 2),
    (5, 13, 0),
    (5, 14, 1),
    (5, 15, 2),
    (6, 16, 0),
    (6, 17, 1),
    (6, 18, 2),
    (7, 19, 0),
    (7, 20, 1),
    (7, 21, 2),
    (8, 22, 0),
    (8, 23, 1),
    (8, 24, 2),
    (9, 25, 0),
    (9, 26, 1),
    (9, 27, 2),
    (10, 28, 0),
    (10, 29, 1),
    (10, 30, 2),
    (11, 31, 0),
    (11, 32, 1),
    (11, 33, 2),
    (12, 34, 0),
    (12, 35, 1),
    (12, 36, 2),
    (13, 37, 0),
    (13, 38, 1),
    (13, 39, 2),
    (14, 40, 0),
    (14, 41, 1),
    (14, 42, 2),
    (15, 43, 0),
    (15, 44, 1),
    (15, 45, 2),
    (16, 46, 0),
    (16, 47, 1),
    (16, 48, 2),
    (17, 49, 0),
    (17, 50, 1),
    (17, 51, 2),
    (18, 52, 0),
    (18, 53, 1),
    (18, 54, 2),
    (19, 55, 0),
    (19, 56, 1),
    (19, 57, 2),
    (20, 58, 0),
    (20, 59, 1),
    (20, 60, 2),
    (21, 61, 0),
    (21, 62, 1),
    (21, 63, 2),
    (22, 64, 0),
    (22, 65, 1),
    (22, 66, 2),
    (23, 67, 0),
    (23, 68, 1),
    (23, 69, 2),
    (24, 70, 0),
    (24, 71, 1),
    (24, 72, 2),
    (25, 73, 0),
    (25, 74, 1),
    (25, 75, 2),
    (26, 76, 0),
    (26, 77, 1),
    (26, 78, 2),
    (27, 79, 0),
    (27, 80, 1),
    (27, 81, 2),
    (28, 82, 0),
    (28, 83, 1),
    (28, 84, 2),
    (29, 85, 0),
    (29, 86, 1),
    (29, 87, 2),
    (30, 88, 0),
    (30, 89, 1),
    (30, 90, 2),
    (31, 91, 0),
    (31, 92, 1),
    (31, 93, 2),
    (32, 94, 0),
    (32, 95, 1),
    (32, 96, 2),
    (33, 97, 0),
    (33, 98, 1),
    (33, 99, 2),
    (34, 100, 0),
    (34, 101, 1),
    (34, 102, 2),
    (35, 103, 0),
    (35, 104, 1),
    (35, 105, 2),
    (36, 106, 0),
    (36, 107, 1),
    (36, 108, 2),
    (37, 109, 0),
    (37, 110, 1),
    (37, 111, 2),
    (38, 112, 0),
    (38, 113, 1),
    (38, 114, 2),
    (39, 115, 0),
    (39, 116, 1),
    (39, 117, 2),
    (40, 118, 0),
    (40, 119, 1),
    (40, 120, 2),
    (41, 121, 0),
    (41, 122, 1),
    (41, 123, 2),
    (42, 124, 0),
    (42, 125, 1),
    (42, 126, 2),
    (43, 127, 0),
    (43, 128, 1),
    (43, 129, 2),
    (44, 130, 0),
    (44, 131, 1),
    (44, 132, 2),
    (45, 133, 0),
    (45, 134, 1),
    (45, 135, 2),
    (46, 136, 0),
    (46, 137, 1),
    (46, 138, 2),
    (47, 139, 0),
    (47, 140, 1),
    (47, 141, 2),
    (48, 142, 0),
    (48, 143, 1),
    (48, 144, 2),
    (49, 145, 0),
    (49, 146, 1),
    (49, 147, 2),
    (50, 148, 0),
    (50, 149, 1),
    (50, 150, 2),
    (51, 151, 0),
    (51, 152, 1),
    (51, 153, 2),
    (52, 154, 0),
    (52, 155, 1),
    (52, 156, 2),
    (53, 157, 0),
    (53, 158, 1),
    (53, 159, 2),
    (54, 160, 0),
    (54, 161, 1),
    (54, 162, 2),
    (55, 163, 0),
    (55, 164, 1),
    (55, 165, 2),
    (56, 166, 0),
    (56, 167, 1),
    (56, 168, 2),
    (57, 169, 0),
    (57, 170, 1),
    (57, 171, 2),
    (58, 172, 0),
    (58, 173, 1),
    (58, 174, 2),
    (59, 175, 0),
    (59, 176, 1),
    (59, 177, 2),
    (60, 178, 0),
    (60, 179, 1),
    (60, 180, 2),
    (61, 181, 0),
    (61, 182, 1),
    (61, 183, 2),
    (62, 184, 0),
    (62, 185, 1),
    (62, 186, 2),
    (63, 187, 0),
    (63, 188, 1),
    (63, 189, 2),
    (64, 190, 0),
    (64, 191, 1),
    (64, 192, 2),
    (65, 193, 0),
    (65, 194, 1),
    (65, 195, 2),
    (66, 196, 0),
    (66, 197, 1),
    (66, 198, 2),
    (67, 199, 0),
    (67, 200, 1),
    (67, 201, 2),
    (68, 202, 0),
    (68, 203, 1),
    (68, 204, 2),
    (69, 205, 0),
    (69, 206, 1),
    (69, 207, 2),
    (70, 208, 0),
    (70, 209, 1),
    (70, 210, 2),
    (71, 211, 0),
    (71, 212, 1),
    (71, 213, 2),
    (72, 214, 0),
    (72, 215, 1),
    (72, 216, 2),
    (73, 217, 0),
    (73, 218, 1),
    (73, 219, 2),
    (74, 220, 0),
    (74, 221, 1),
    (74, 222, 2),
    (75, 223, 0),
    (75, 224, 1),
    (75, 225, 2),
    (76, 226, 0),
    (76, 227, 1),
    (76, 228, 2),
    (77, 229, 0),
    (77, 230, 1),
    (77, 231, 2),
    (78, 232, 0),
    (78, 233, 1),
    (78, 234, 2),
    (79, 235, 0),
    (79, 236, 1),
    (79, 237, 2),
    (80, 238, 0),
    (80, 239, 1),
    (80, 240, 2),
    (81, 241, 0),
    (81, 242, 1),
    (81, 243, 2),
    (82, 244, 0),
    (82, 245, 1),
    (82, 246, 2),
    (83, 247, 0),
    (83, 248, 1),
    (83, 249, 2),
    (84, 250, 0),
    (84, 251, 1),
    (84, 252, 2),
    (85, 253, 0),
    (85, 254, 1),
    (85, 255, 2),
    (86, 256, 0),
    (86, 257, 1),
    (86, 258, 2),
    (87, 259, 0),
    (87, 260, 1),
    (87, 261, 2),
    (88, 262, 0),
    (88, 263, 1),
    (88, 264, 2),
    (89, 265, 0),
    (89, 266, 1),
    (89, 267, 2),
    (90, 268, 0),
    (90, 269, 1),
    (90, 270, 2),
    (91, 271, 0),
    (91, 272, 1),
    (91, 273, 2),
    (92, 274, 0),
    (92, 275, 1),
    (92, 276, 2),
    (93, 277, 0),
    (93, 278, 1),
    (93, 279, 2),
    (94, 280, 0),
    (94, 281, 1),
    (94, 282, 2),
    (95, 283, 0),
    (95, 284, 1),
    (95, 285, 2),
    (96, 286, 0),
    (96, 287, 1),
    (96, 288, 2),
    (97, 289, 0),
    (97, 290, 1),
    (97, 291, 2),
    (98, 292, 0),
    (98, 293, 1),
    (98, 294, 2),
    (99, 295, 0),
    (99, 296, 1),
    (99, 297, 2),
    (100, 298, 0),
    (100, 299, 1),
    (100, 300, 2),
    (101, 301, 0),
    (101, 302, 1),
    (101, 303, 2),
    (102, 304, 0),
    (102, 305, 1),
    (102, 306, 2),
    (103, 307, 0),
    (103, 308, 1),
    (103, 309, 2),
    (104, 310, 0),
    (104, 311, 1),
    (104, 312, 2),
    (105, 313, 0),
    (105, 314, 1),
    (105, 315, 2),
    (106, 316, 0),
    (106, 317, 1),
    (106, 318, 2),
    (107, 319, 0),
    (107, 320, 1),
    (107, 321, 2),
    (108, 322, 0),
    (108, 323, 1),
    (108, 324, 2),
    (109, 325, 0),
    (109, 326, 1),
    (109, 327, 2),
    (110, 328, 0),
    (110, 329, 1),
    (110, 330, 2),
    (111, 331, 0),
    (111, 332, 1),
    (111, 333, 2),
    (112, 334, 0),
    (112, 335, 1),
    (112, 336, 2),
    (113, 337, 0),
    (113, 338, 1),
    (113, 339, 2),
    (114, 340, 0),
    (114, 341, 1),
    (114, 342, 2),
    (115, 343, 0),
    (115, 344, 1),
    (115, 345, 2),
    (116, 346, 0),
    (116, 347, 1),
    (116, 348, 2),
    (117, 349, 0),
    (117, 350, 1),
    (117, 351, 2),
    (118, 352, 0),
    (118, 353, 1),
    (118, 354, 2),
    (119, 355, 0),
    (119, 356, 1),
    (119, 357, 2),
    (120, 358, 0),
    (120, 359, 1),
    (120, 360, 2),
    (121, 73, 0),
    (121, 74, 1),
    (121, 75, 2),
    (122, 76, 0),
    (122, 77, 1),
    (122, 78, 2),
    (123, 79, 0),
    (123, 80, 1),
    (123, 81, 2),
    (124, 82, 0),
    (124, 83, 1),
    (124, 84, 2),
    (125, 85, 0),
    (125, 86, 1),
    (125, 87, 2),
    (126, 88, 0),
    (126, 89, 1),
    (126, 90, 2),
    (127, 91, 0),
    (127, 92, 1),
    (127, 93, 2),
    (128, 94, 0),
    (128, 95, 1),
    (128, 96, 2),
    (129, 97, 0),
    (129, 98, 1),
    (129, 99, 2),
    (130, 100, 0),
    (130, 101, 1),
    (130, 102, 2),
    (131, 103, 0),
    (131, 104, 1),
    (131, 105, 2),
    (132, 106, 0),
    (132, 107, 1),
    (132, 108, 2),
    (133, 109, 0),
    (133, 110, 1),
    (133, 111, 2),
    (134, 112, 0),
    (134, 113, 1),
    (134, 114, 2),
    (135, 115, 0),
    (135, 116, 1),
    (135, 117, 2),
    (136, 118, 0),
    (136, 119, 1),
    (136, 120, 2),
    (137, 121, 0),
    (137, 122, 1),
    (137, 123, 2),
    (138, 124, 0),
    (138, 125, 1),
    (138, 126, 2),
    (139, 127, 0),
    (139, 128, 1),
    (139, 129, 2),
    (140, 130, 0),
    (140, 131, 1),
    (140, 132, 2),
    (141, 133, 0),
    (141, 134, 1),
    (141, 135, 2),
    (142, 136, 0),
    (142, 137, 1),
    (142, 138, 2),
    (143, 139, 0),
    (143, 140, 1),
    (143, 141, 2),
    (144, 142, 0),
    (144, 143, 1),
    (144, 144, 2),
    (145, 361, 0),
    (145, 362, 1),
    (145, 363, 2),
    (146, 364, 0),
    (146, 365, 1),
    (146, 366, 2),
    (147, 367, 0),
    (147, 368, 1),
    (147, 369, 2),
    (148, 370, 0),
    (148, 371, 1),
    (148, 372, 2),
    (149, 373, 0),
    (149, 374, 1),
    (149, 375, 2),
    (150, 376, 0),
    (150, 377, 1),
    (150, 378, 2),
    (151, 379, 0),
    (151, 380, 1),
    (151, 381, 2),
    (152, 382, 0),
    (152, 383, 1),
    (152, 384, 2),
    (153, 385, 0),
    (153, 386, 1),
    (153, 387, 2),
    (154, 388, 0),
    (154, 389, 1),
    (154, 390, 2),
    (155, 391, 0),
    (155, 392, 1),
    (155, 393, 2),
    (156, 394, 0),
    (156, 395, 1),
    (156, 396, 2),
    (157, 397, 0),
    (157, 398, 1),
    (157, 399, 2),
    (158, 400, 0),
    (158, 401, 1),
    (158, 402, 2),
    (159, 403, 0),
    (159, 404, 1),
    (159, 405, 2),
    (160, 406, 0),
    (160, 407, 1),
    (160, 408, 2),
    (161, 409, 0),
    (161, 410, 1),
    (161, 411, 2),
    (162, 412, 0),
    (162, 413, 1),
    (162, 414, 2),
    (163, 415, 0),
    (163, 416, 1),
    (163, 417, 2),
    (164, 418, 0),
    (164, 419, 1),
    (164, 420, 2),
    (165, 421, 0),
    (165, 422, 1),
    (165, 423, 2),
    (166, 424, 0),
    (166, 425, 1),
    (166, 426, 2),
    (167, 427, 0),
    (167, 428, 1),
    (167, 429, 2),
    (168, 430, 0),
    (168, 431, 1),
    (168, 432, 2),
    (169, 217, 0),
    (169, 218, 1),
    (169, 219, 2),
    (170, 220, 0),
    (170, 221, 1),
    (170, 222, 2),
    (171, 226, 0),
    (171, 227, 1),
    (171, 228, 2),
    (172, 229, 0),
    (172, 230, 1),
    (172, 231, 2),
    (173, 232, 0),
    (173, 233, 1),
    (173, 234, 2),
    (174, 238, 0),
    (174, 239, 1),
    (174, 240, 2),
    (175, 241, 0),
    (175, 242, 1),
    (175, 243, 2),
    (176, 244, 0),
    (176, 245, 1),
    (176, 246, 2),
    (177, 247, 0),
    (177, 248, 1),
    (177, 249, 2),
    (178, 250, 0),
    (178, 251, 1),
    (178, 252, 2),
    (179, 253, 0),
    (179, 254, 1),
    (179, 255, 2),
    (180, 256, 0),
    (180, 257, 1),
    (180, 258, 2),
    (181, 259, 0),
    (181, 260, 1),
    (181, 261, 2),
    (182, 262, 0),
    (182, 263, 1),
    (182, 264, 2),
    (183, 433, 0),
    (183, 434, 1),
    (183, 435, 2),
    (184, 436, 0),
    (184, 437, 1),
    (184, 438, 2),
    (185, 265, 0),
    (185, 266, 1),
    (185, 267, 2),
    (186, 268, 0),
    (186, 269, 1),
    (186, 270, 2),
    (187, 271, 0),
    (187, 272, 1),
    (187, 273, 2),
    (188, 274, 0),
    (188, 275, 1),
    (188, 276, 2),
    (189, 277, 0),
    (189, 278, 1),
    (189, 279, 2),
    (190, 280, 0),
    (190, 281, 1),
    (190, 282, 2),
    (191, 283, 0),
    (191, 284, 1),
    (191, 285, 2),
    (192, 286, 0),
    (192, 287, 1),
    (192, 288, 2);

insert into products_categories(product_id, category_id, added_on) values
    (1, 3, '2012-09-17 18:47:52.69'),
    (1, 2, '2012-09-17 18:47:52.69'),
    (1, 1, '2012-09-17 18:47:52.69'),
    (2, 3, '2012-09-17 18:47:52.69'),
    (2, 2, '2012-09-17 18:47:52.69'),
    (2, 1, '2012-09-17 18:47:52.69'),
    (3, 3, '2012-09-17 18:47:52.69'),
    (3, 2, '2012-09-17 18:47:52.69'),
    (3, 1, '2012-09-17 18:47:52.69'),
    (4, 3, '2012-09-17 18:47:52.69'),
    (4, 2, '2012-09-17 18:47:52.69'),
    (4, 1, '2012-09-17 18:47:52.69'),
    (5, 3, '2012-09-17 18:47:52.69'),
    (5, 2, '2012-09-17 18:47:52.69'),
    (5, 1, '2012-09-17 18:47:52.69'),
    (6, 3, '2012-09-17 18:47:52.69'),
    (6, 2, '2012-09-17 18:47:52.69'),
    (6, 1, '2012-09-17 18:47:52.69'),
    (7, 3, '2012-09-17 18:47:52.69'),
    (7, 2, '2012-09-17 18:47:52.69'),
    (7, 1, '2012-09-17 18:47:52.69'),
    (8, 3, '2012-09-17 18:47:52.69'),
    (8, 2, '2012-09-17 18:47:52.69'),
    (8, 1, '2012-09-17 18:47:52.69'),
    (9, 3, '2012-09-17 18:47:52.69'),
    (9, 2, '2012-09-17 18:47:52.69'),
    (9, 1, '2012-09-17 18:47:52.69'),
    (10, 3, '2012-09-17 18:47:52.69'),
    (10, 2, '2012-09-17 18:47:52.69'),
    (10, 1, '2012-09-17 18:47:52.69'),
    (11, 3, '2012-09-17 18:47:52.69'),
    (11, 2, '2012-09-17 18:47:52.69'),
    (11, 1, '2012-09-17 18:47:52.69'),
    (12, 3, '2012-09-17 18:47:52.69'),
    (12, 2, '2012-09-17 18:47:52.69'),
    (12, 1, '2012-09-17 18:47:52.69'),
    (13, 3, '2012-09-17 18:47:52.69'),
    (13, 2, '2012-09-17 18:47:52.69'),
    (13, 1, '2012-09-17 18:47:52.69'),
    (14, 3, '2012-09-17 18:47:52.69'),
    (14, 2, '2012-09-17 18:47:52.69'),
    (14, 1, '2012-09-17 18:47:52.69'),
    (15, 3, '2012-09-17 18:47:52.69'),
    (15, 2, '2012-09-17 18:47:52.69'),
    (15, 1, '2012-09-17 18:47:52.69'),
    (16, 3, '2012-09-17 18:47:52.69'),
    (16, 2, '2012-09-17 18:47:52.69'),
    (16, 1, '2012-09-17 18:47:52.69'),
    (17, 3, '2012-09-17 18:47:52.69'),
    (17, 2, '2012-09-17 18:47:52.69'),
    (17, 1, '2012-09-17 18:47:52.69'),
    (18, 3, '2012-09-17 18:47:52.69'),
    (18, 2, '2012-09-17 18:47:52.69'),
    (18, 1, '2012-09-17 18:47:52.69'),
    (19, 3, '2012-09-17 18:47:52.69'),
    (19, 2, '2012-09-17 18:47:52.69'),
    (19, 1, '2012-09-17 18:47:52.69'),
    (20, 3, '2012-09-17 18:47:52.69'),
    (20, 2, '2012-09-17 18:47:52.69'),
    (20, 1, '2012-09-17 18:47:52.69'),
    (21, 3, '2012-09-17 18:47:52.69'),
    (21, 2, '2012-09-17 18:47:52.69'),
    (21, 1, '2012-09-17 18:47:52.69'),
    (22, 3, '2012-09-17 18:47:52.69'),
    (22, 2, '2012-09-17 18:47:52.69'),
    (22, 1, '2012-09-17 18:47:52.69'),
    (23, 3, '2012-09-17 18:47:52.69'),
    (23, 2, '2012-09-17 18:47:52.69'),
    (23, 1, '2012-09-17 18:47:52.69'),
    (24, 3, '2012-09-17 18:47:52.69'),
    (24, 2, '2012-09-17 18:47:52.69'),
    (24, 1, '2012-09-17 18:47:52.69'),
    (25, 4, '2012-09-17 18:47:52.69'),
    (25, 2, '2012-09-17 18:47:52.69'),
    (25, 1, '2012-09-17 18:47:52.69'),
    (26, 4, '2012-09-17 18:47:52.69'),
    (26, 2, '2012-09-17 18:47:52.69'),
    (26, 1, '2012-09-17 18:47:52.69'),
    (27, 4, '2012-09-17 18:47:52.69'),
    (27, 2, '2012-09-17 18:47:52.69'),
    (27, 1, '2012-09-17 18:47:52.69'),
    (28, 4, '2012-09-17 18:47:52.69'),
    (28, 2, '2012-09-17 18:47:52.69'),
    (28, 1, '2012-09-17 18:47:52.69'),
    (29, 4, '2012-09-17 18:47:52.69'),
    (29, 2, '2012-09-17 18:47:52.69'),
    (29, 1, '2012-09-17 18:47:52.69'),
    (30, 4, '2012-09-17 18:47:52.69'),
    (30, 2, '2012-09-17 18:47:52.69'),
    (30, 1, '2012-09-17 18:47:52.69'),
    (31, 4, '2012-09-17 18:47:52.69'),
    (31, 2, '2012-09-17 18:47:52.69'),
    (31, 1, '2012-09-17 18:47:52.69'),
    (32, 4, '2012-09-17 18:47:52.69'),
    (32, 2, '2012-09-17 18:47:52.69'),
    (32, 1, '2012-09-17 18:47:52.69'),
    (33, 4, '2012-09-17 18:47:52.69'),
    (33, 2, '2012-09-17 18:47:52.69'),
    (33, 1, '2012-09-17 18:47:52.69'),
    (34, 4, '2012-09-17 18:47:52.69'),
    (34, 2, '2012-09-17 18:47:52.69'),
    (34, 1, '2012-09-17 18:47:52.69'),
    (35, 4, '2012-09-17 18:47:52.69'),
    (35, 2, '2012-09-17 18:47:52.69'),
    (35, 1, '2012-09-17 18:47:52.69'),
    (36, 4, '2012-09-17 18:47:52.69'),
    (36, 2, '2012-09-17 18:47:52.69'),
    (36, 1, '2012-09-17 18:47:52.69'),
    (37, 4, '2012-09-17 18:47:52.69'),
    (37, 2, '2012-09-17 18:47:52.69'),
    (37, 1, '2012-09-17 18:47:52.69'),
    (38, 4, '2012-09-17 18:47:52.69'),
    (38, 2, '2012-09-17 18:47:52.69'),
    (38, 1, '2012-09-17 18:47:52.69'),
    (39, 4, '2012-09-17 18:47:52.69'),
    (39, 2, '2012-09-17 18:47:52.69'),
    (39, 1, '2012-09-17 18:47:52.69'),
    (40, 4, '2012-09-17 18:47:52.69'),
    (40, 2, '2012-09-17 18:47:52.69'),
    (40, 1, '2012-09-17 18:47:52.69'),
    (41, 4, '2012-09-17 18:47:52.69'),
    (41, 2, '2012-09-17 18:47:52.69'),
    (41, 1, '2012-09-17 18:47:52.69'),
    (42, 4, '2012-09-17 18:47:52.69'),
    (42, 2, '2012-09-17 18:47:52.69'),
    (42, 1, '2012-09-17 18:47:52.69'),
    (43, 4, '2012-09-17 18:47:52.69'),
    (43, 2, '2012-09-17 18:47:52.69'),
    (43, 1, '2012-09-17 18:47:52.69'),
    (44, 4, '2012-09-17 18:47:52.69'),
    (44, 2, '2012-09-17 18:47:52.69'),
    (44, 1, '2012-09-17 18:47:52.69'),
    (45, 4, '2012-09-17 18:47:52.69'),
    (45, 2, '2012-09-17 18:47:52.69'),
    (45, 1, '2012-09-17 18:47:52.69'),
    (46, 4, '2012-09-17 18:47:52.69'),
    (46, 2, '2012-09-17 18:47:52.69'),
    (46, 1, '2012-09-17 18:47:52.69'),
    (47, 4, '2012-09-17 18:47:52.69'),
    (47, 2, '2012-09-17 18:47:52.69'),
    (47, 1, '2012-09-17 18:47:52.69'),
    (48, 4, '2012-09-17 18:47:52.69'),
    (48, 2, '2012-09-17 18:47:52.69'),
    (48, 1, '2012-09-17 18:47:52.69'),
    (49, 6, '2012-09-17 18:47:52.69'),
    (49, 5, '2012-09-17 18:47:52.69'),
    (49, 1, '2012-09-17 18:47:52.69'),
    (50, 6, '2012-09-17 18:47:52.69'),
    (50, 5, '2012-09-17 18:47:52.69'),
    (50, 1, '2012-09-17 18:47:52.69'),
    (51, 6, '2012-09-17 18:47:52.69'),
    (51, 5, '2012-09-17 18:47:52.69'),
    (51, 1, '2012-09-17 18:47:52.69'),
    (52, 6, '2012-09-17 18:47:52.69'),
    (52, 5, '2012-09-17 18:47:52.69'),
    (52, 1, '2012-09-17 18:47:52.69'),
    (53, 6, '2012-09-17 18:47:52.69'),
    (53, 5, '2012-09-17 18:47:52.69'),
    (53, 1, '2012-09-17 18:47:52.69'),
    (54, 6, '2012-09-17 18:47:52.69'),
    (54, 5, '2012-09-17 18:47:52.69'),
    (54, 1, '2012-09-17 18:47:52.69'),
    (55, 6, '2012-09-17 18:47:52.69'),
    (55, 5, '2012-09-17 18:47:52.69'),
    (55, 1, '2012-09-17 18:47:52.69'),
    (56, 6, '2012-09-17 18:47:52.69'),
    (56, 5, '2012-09-17 18:47:52.69'),
    (56, 1, '2012-09-17 18:47:52.69'),
    (57, 6, '2012-09-17 18:47:52.69'),
    (57, 5, '2012-09-17 18:47:52.69'),
    (57, 1, '2012-09-17 18:47:52.69'),
    (58, 6, '2012-09-17 18:47:52.69'),
    (58, 5, '2012-09-17 18:47:52.69'),
    (58, 1, '2012-09-17 18:47:52.69'),
    (59, 6, '2012-09-17 18:47:52.69'),
    (59, 5, '2012-09-17 18:47:52.69'),
    (59, 1, '2012-09-17 18:47:52.69'),
    (60, 6, '2012-09-17 18:47:52.69'),
    (60, 5, '2012-09-17 18:47:52.69'),
    (60, 1, '2012-09-17 18:47:52.69'),
    (61, 6, '2012-09-17 18:47:52.69'),
    (61, 5, '2012-09-17 18:47:52.69'),
    (61, 1, '2012-09-17 18:47:52.69'),
    (62, 6, '2012-09-17 18:47:52.69'),
    (62, 5, '2012-09-17 18:47:52.69'),
    (62, 1, '2012-09-17 18:47:52.69'),
    (63, 6, '2012-09-17 18:47:52.69'),
    (63, 5, '2012-09-17 18:47:52.69'),
    (63, 1, '2012-09-17 18:47:52.69'),
    (64, 6, '2012-09-17 18:47:52.69'),
    (64, 5, '2012-09-17 18:47:52.69'),
    (64, 1, '2012-09-17 18:47:52.69'),
    (65, 6, '2012-09-17 18:47:52.69'),
    (65, 5, '2012-09-17 18:47:52.69'),
    (65, 1, '2012-09-17 18:47:52.69'),
    (66, 6, '2012-09-17 18:47:52.69'),
    (66, 5, '2012-09-17 18:47:52.69'),
    (66, 1, '2012-09-17 18:47:52.69'),
    (67, 6, '2012-09-17 18:47:52.69'),
    (67, 5, '2012-09-17 18:47:52.69'),
    (67, 1, '2012-09-17 18:47:52.69'),
    (68, 6, '2012-09-17 18:47:52.69'),
    (68, 5, '2012-09-17 18:47:52.69'),
    (68, 1, '2012-09-17 18:47:52.69'),
    (69, 6, '2012-09-17 18:47:52.69'),
    (69, 5, '2012-09-17 18:47:52.69'),
    (69, 1, '2012-09-17 18:47:52.69'),
    (70, 6, '2012-09-17 18:47:52.69'),
    (70, 5, '2012-09-17 18:47:52.69'),
    (70, 1, '2012-09-17 18:47:52.69'),
    (71, 6, '2012-09-17 18:47:52.69'),
    (71, 5, '2012-09-17 18:47:52.69'),
    (71, 1, '2012-09-17 18:47:52.69'),
    (72, 6, '2012-09-17 18:47:52.69'),
    (72, 5, '2012-09-17 18:47:52.69'),
    (72, 1, '2012-09-17 18:47:52.69'),
    (73, 7, '2012-09-17 18:47:52.69'),
    (73, 5, '2012-09-17 18:47:52.69'),
    (73, 1, '2012-09-17 18:47:52.69'),
    (74, 7, '2012-09-17 18:47:52.69'),
    (74, 5, '2012-09-17 18:47:52.69'),
    (74, 1, '2012-09-17 18:47:52.69'),
    (75, 7, '2012-09-17 18:47:52.69'),
    (75, 5, '2012-09-17 18:47:52.69'),
    (75, 1, '2012-09-17 18:47:52.69'),
    (76, 7, '2012-09-17 18:47:52.69'),
    (76, 5, '2012-09-17 18:47:52.69'),
    (76, 1, '2012-09-17 18:47:52.69'),
    (77, 7, '2012-09-17 18:47:52.69'),
    (77, 5, '2012-09-17 18:47:52.69'),
    (77, 1, '2012-09-17 18:47:52.69'),
    (78, 7, '2012-09-17 18:47:52.69'),
    (78, 5, '2012-09-17 18:47:52.69'),
    (78, 1, '2012-09-17 18:47:52.69'),
    (79, 7, '2012-09-17 18:47:52.69'),
    (79, 5, '2012-09-17 18:47:52.69'),
    (79, 1, '2012-09-17 18:47:52.69'),
    (80, 7, '2012-09-17 18:47:52.69'),
    (80, 5, '2012-09-17 18:47:52.69'),
    (80, 1, '2012-09-17 18:47:52.69'),
    (81, 7, '2012-09-17 18:47:52.69'),
    (81, 5, '2012-09-17 18:47:52.69'),
    (81, 1, '2012-09-17 18:47:52.69'),
    (82, 7, '2012-09-17 18:47:52.69'),
    (82, 5, '2012-09-17 18:47:52.69'),
    (82, 1, '2012-09-17 18:47:52.69'),
    (83, 7, '2012-09-17 18:47:52.69'),
    (83, 5, '2012-09-17 18:47:52.69'),
    (83, 1, '2012-09-17 18:47:52.69'),
    (84, 7, '2012-09-17 18:47:52.69'),
    (84, 5, '2012-09-17 18:47:52.69'),
    (84, 1, '2012-09-17 18:47:52.69'),
    (85, 7, '2012-09-17 18:47:52.69'),
    (85, 5, '2012-09-17 18:47:52.69'),
    (85, 1, '2012-09-17 18:47:52.69'),
    (86, 7, '2012-09-17 18:47:52.69'),
    (86, 5, '2012-09-17 18:47:52.69'),
    (86, 1, '2012-09-17 18:47:52.69'),
    (87, 7, '2012-09-17 18:47:52.69'),
    (87, 5, '2012-09-17 18:47:52.69'),
    (87, 1, '2012-09-17 18:47:52.69'),
    (88, 7, '2012-09-17 18:47:52.69'),
    (88, 5, '2012-09-17 18:47:52.69'),
    (88, 1, '2012-09-17 18:47:52.69'),
    (89, 7, '2012-09-17 18:47:52.69'),
    (89, 5, '2012-09-17 18:47:52.69'),
    (89, 1, '2012-09-17 18:47:52.69'),
    (90, 7, '2012-09-17 18:47:52.69'),
    (90, 5, '2012-09-17 18:47:52.69'),
    (90, 1, '2012-09-17 18:47:52.69'),
    (91, 7, '2012-09-17 18:47:52.69'),
    (91, 5, '2012-09-17 18:47:52.69'),
    (91, 1, '2012-09-17 18:47:52.69'),
    (92, 7, '2012-09-17 18:47:52.69'),
    (92, 5, '2012-09-17 18:47:52.69'),
    (92, 1, '2012-09-17 18:47:52.69'),
    (93, 7, '2012-09-17 18:47:52.69'),
    (93, 5, '2012-09-17 18:47:52.69'),
    (93, 1, '2012-09-17 18:47:52.69'),
    (94, 7, '2012-09-17 18:47:52.69'),
    (94, 5, '2012-09-17 18:47:52.69'),
    (94, 1, '2012-09-17 18:47:52.69'),
    (95, 7, '2012-09-17 18:47:52.69'),
    (95, 5, '2012-09-17 18:47:52.69'),
    (95, 1, '2012-09-17 18:47:52.69'),
    (96, 7, '2012-09-17 18:47:52.69'),
    (96, 5, '2012-09-17 18:47:52.69'),
    (96, 1, '2012-09-17 18:47:52.69'),
    (97, 10, '2012-09-17 18:47:52.69'),
    (97, 9, '2012-09-17 18:47:52.69'),
    (97, 8, '2012-09-17 18:47:52.69'),
    (98, 10, '2012-09-17 18:47:52.69'),
    (98, 9, '2012-09-17 18:47:52.69'),
    (98, 8, '2012-09-17 18:47:52.69'),
    (99, 10, '2012-09-17 18:47:52.69'),
    (99, 9, '2012-09-17 18:47:52.69'),
    (99, 8, '2012-09-17 18:47:52.69'),
    (100, 10, '2012-09-17 18:47:52.69'),
    (100, 9, '2012-09-17 18:47:52.69'),
    (100, 8, '2012-09-17 18:47:52.69'),
    (101, 10, '2012-09-17 18:47:52.69'),
    (101, 9, '2012-09-17 18:47:52.69'),
    (101, 8, '2012-09-17 18:47:52.69'),
    (102, 10, '2012-09-17 18:47:52.69'),
    (102, 9, '2012-09-17 18:47:52.69'),
    (102, 8, '2012-09-17 18:47:52.69'),
    (103, 10, '2012-09-17 18:47:52.69'),
    (103, 9, '2012-09-17 18:47:52.69'),
    (103, 8, '2012-09-17 18:47:52.69'),
    (104, 10, '2012-09-17 18:47:52.69'),
    (104, 9, '2012-09-17 18:47:52.69'),
    (104, 8, '2012-09-17 18:47:52.69'),
    (105, 10, '2012-09-17 18:47:52.69'),
    (105, 9, '2012-09-17 18:47:52.69'),
    (105, 8, '2012-09-17 18:47:52.69'),
    (106, 10, '2012-09-17 18:47:52.69'),
    (106, 9, '2012-09-17 18:47:52.69'),
    (106, 8, '2012-09-17 18:47:52.69'),
    (107, 10, '2012-09-17 18:47:52.69'),
    (107, 9, '2012-09-17 18:47:52.69'),
    (107, 8, '2012-09-17 18:47:52.69'),
    (108, 10, '2012-09-17 18:47:52.69'),
    (108, 9, '2012-09-17 18:47:52.69'),
    (108, 8, '2012-09-17 18:47:52.69'),
    (109, 10, '2012-09-17 18:47:52.69'),
    (109, 9, '2012-09-17 18:47:52.69'),
    (109, 8, '2012-09-17 18:47:52.69'),
    (110, 10, '2012-09-17 18:47:52.69'),
    (110, 9, '2012-09-17 18:47:52.69'),
    (110, 8, '2012-09-17 18:47:52.69'),
    (111, 10, '2012-09-17 18:47:52.69'),
    (111, 9, '2012-09-17 18:47:52.69'),
    (111, 8, '2012-09-17 18:47:52.69'),
    (112, 10, '2012-09-17 18:47:52.69'),
    (112, 9, '2012-09-17 18:47:52.69'),
    (112, 8, '2012-09-17 18:47:52.69'),
    (113, 10, '2012-09-17 18:47:52.69'),
    (113, 9, '2012-09-17 18:47:52.69'),
    (113, 8, '2012-09-17 18:47:52.69'),
    (114, 10, '2012-09-17 18:47:52.69'),
    (114, 9, '2012-09-17 18:47:52.69'),
    (114, 8, '2012-09-17 18:47:52.69'),
    (115, 10, '2012-09-17 18:47:52.69'),
    (115, 9, '2012-09-17 18:47:52.69'),
    (115, 8, '2012-09-17 18:47:52.69'),
    (116, 10, '2012-09-17 18:47:52.69'),
    (116, 9, '2012-09-17 18:47:52.69'),
    (116, 8, '2012-09-17 18:47:52.69'),
    (117, 10, '2012-09-17 18:47:52.69'),
    (117, 9, '2012-09-17 18:47:52.69'),
    (117, 8, '2012-09-17 18:47:52.69'),
    (118, 10, '2012-09-17 18:47:52.69'),
    (118, 9, '2012-09-17 18:47:52.69'),
    (118, 8, '2012-09-17 18:47:52.69'),
    (119, 10, '2012-09-17 18:47:52.69'),
    (119, 9, '2012-09-17 18:47:52.69'),
    (119, 8, '2012-09-17 18:47:52.69'),
    (120, 10, '2012-09-17 18:47:52.69'),
    (120, 9, '2012-09-17 18:47:52.69'),
    (120, 8, '2012-09-17 18:47:52.69'),
    (121, 11, '2012-09-17 18:47:52.69'),
    (121, 9, '2012-09-17 18:47:52.69'),
    (121, 8, '2012-09-17 18:47:52.69'),
    (122, 11, '2012-09-17 18:47:52.69'),
    (122, 9, '2012-09-17 18:47:52.69'),
    (122, 8, '2012-09-17 18:47:52.69'),
    (123, 11, '2012-09-17 18:47:52.69'),
    (123, 9, '2012-09-17 18:47:52.69'),
    (123, 8, '2012-09-17 18:47:52.69'),
    (124, 11, '2012-09-17 18:47:52.69'),
    (124, 9, '2012-09-17 18:47:52.69'),
    (124, 8, '2012-09-17 18:47:52.69'),
    (125, 11, '2012-09-17 18:47:52.69'),
    (125, 9, '2012-09-17 18:47:52.69'),
    (125, 8, '2012-09-17 18:47:52.69'),
    (126, 11, '2012-09-17 18:47:52.69'),
    (126, 9, '2012-09-17 18:47:52.69'),
    (126, 8, '2012-09-17 18:47:52.69'),
    (127, 11, '2012-09-17 18:47:52.69'),
    (127, 9, '2012-09-17 18:47:52.69'),
    (127, 8, '2012-09-17 18:47:52.69'),
    (128, 11, '2012-09-17 18:47:52.69'),
    (128, 9, '2012-09-17 18:47:52.69'),
    (128, 8, '2012-09-17 18:47:52.69'),
    (129, 11, '2012-09-17 18:47:52.69'),
    (129, 9, '2012-09-17 18:47:52.69'),
    (129, 8, '2012-09-17 18:47:52.69'),
    (130, 11, '2012-09-17 18:47:52.69'),
    (130, 9, '2012-09-17 18:47:52.69'),
    (130, 8, '2012-09-17 18:47:52.69'),
    (131, 11, '2012-09-17 18:47:52.69'),
    (131, 9, '2012-09-17 18:47:52.69'),
    (131, 8, '2012-09-17 18:47:52.69'),
    (132, 11, '2012-09-17 18:47:52.69'),
    (132, 9, '2012-09-17 18:47:52.69'),
    (132, 8, '2012-09-17 18:47:52.69'),
    (133, 11, '2012-09-17 18:47:52.69'),
    (133, 9, '2012-09-17 18:47:52.69'),
    (133, 8, '2012-09-17 18:47:52.69'),
    (134, 11, '2012-09-17 18:47:52.69'),
    (134, 9, '2012-09-17 18:47:52.69'),
    (134, 8, '2012-09-17 18:47:52.69'),
    (135, 11, '2012-09-17 18:47:52.69'),
    (135, 9, '2012-09-17 18:47:52.69'),
    (135, 8, '2012-09-17 18:47:52.69'),
    (136, 11, '2012-09-17 18:47:52.69'),
    (136, 9, '2012-09-17 18:47:52.69'),
    (136, 8, '2012-09-17 18:47:52.69'),
    (137, 11, '2012-09-17 18:47:52.69'),
    (137, 9, '2012-09-17 18:47:52.69'),
    (137, 8, '2012-09-17 18:47:52.69'),
    (138, 11, '2012-09-17 18:47:52.69'),
    (138, 9, '2012-09-17 18:47:52.69'),
    (138, 8, '2012-09-17 18:47:52.69'),
    (139, 11, '2012-09-17 18:47:52.69'),
    (139, 9, '2012-09-17 18:47:52.69'),
    (139, 8, '2012-09-17 18:47:52.69'),
    (140, 11, '2012-09-17 18:47:52.69'),
    (140, 9, '2012-09-17 18:47:52.69'),
    (140, 8, '2012-09-17 18:47:52.69'),
    (141, 11, '2012-09-17 18:47:52.69'),
    (141, 9, '2012-09-17 18:47:52.69'),
    (141, 8, '2012-09-17 18:47:52.69'),
    (142, 11, '2012-09-17 18:47:52.69'),
    (142, 9, '2012-09-17 18:47:52.69'),
    (142, 8, '2012-09-17 18:47:52.69'),
    (143, 11, '2012-09-17 18:47:52.69'),
    (143, 9, '2012-09-17 18:47:52.69'),
    (143, 8, '2012-09-17 18:47:52.69'),
    (144, 11, '2012-09-17 18:47:52.69'),
    (144, 9, '2012-09-17 18:47:52.69'),
    (144, 8, '2012-09-17 18:47:52.69'),
    (145, 13, '2012-09-17 18:47:52.69'),
    (145, 12, '2012-09-17 18:47:52.69'),
    (145, 8, '2012-09-17 18:47:52.69'),
    (146, 13, '2012-09-17 18:47:52.69'),
    (146, 12, '2012-09-17 18:47:52.69'),
    (146, 8, '2012-09-17 18:47:52.69'),
    (147, 13, '2012-09-17 18:47:52.69'),
    (147, 12, '2012-09-17 18:47:52.69'),
    (147, 8, '2012-09-17 18:47:52.69'),
    (148, 13, '2012-09-17 18:47:52.69'),
    (148, 12, '2012-09-17 18:47:52.69'),
    (148, 8, '2012-09-17 18:47:52.69'),
    (149, 13, '2012-09-17 18:47:52.69'),
    (149, 12, '2012-09-17 18:47:52.69'),
    (149, 8, '2012-09-17 18:47:52.69'),
    (150, 13, '2012-09-17 18:47:52.69'),
    (150, 12, '2012-09-17 18:47:52.69'),
    (150, 8, '2012-09-17 18:47:52.69'),
    (151, 13, '2012-09-17 18:47:52.69'),
    (151, 12, '2012-09-17 18:47:52.69'),
    (151, 8, '2012-09-17 18:47:52.69'),
    (152, 13, '2012-09-17 18:47:52.69'),
    (152, 12, '2012-09-17 18:47:52.69'),
    (152, 8, '2012-09-17 18:47:52.69'),
    (153, 13, '2012-09-17 18:47:52.69'),
    (153, 12, '2012-09-17 18:47:52.69'),
    (153, 8, '2012-09-17 18:47:52.69'),
    (154, 13, '2012-09-17 18:47:52.69'),
    (154, 12, '2012-09-17 18:47:52.69'),
    (154, 8, '2012-09-17 18:47:52.69'),
    (155, 13, '2012-09-17 18:47:52.69'),
    (155, 12, '2012-09-17 18:47:52.69'),
    (155, 8, '2012-09-17 18:47:52.69'),
    (156, 13, '2012-09-17 18:47:52.69'),
    (156, 12, '2012-09-17 18:47:52.69'),
    (156, 8, '2012-09-17 18:47:52.69'),
    (157, 13, '2012-09-17 18:47:52.69'),
    (157, 12, '2012-09-17 18:47:52.69'),
    (157, 8, '2012-09-17 18:47:52.69'),
    (158, 13, '2012-09-17 18:47:52.69'),
    (158, 12, '2012-09-17 18:47:52.69'),
    (158, 8, '2012-09-17 18:47:52.69'),
    (159, 13, '2012-09-17 18:47:52.69'),
    (159, 12, '2012-09-17 18:47:52.69'),
    (159, 8, '2012-09-17 18:47:52.69'),
    (160, 13, '2012-09-17 18:47:52.69'),
    (160, 12, '2012-09-17 18:47:52.69'),
    (160, 8, '2012-09-17 18:47:52.69'),
    (161, 13, '2012-09-17 18:47:52.69'),
    (161, 12, '2012-09-17 18:47:52.69'),
    (161, 8, '2012-09-17 18:47:52.69'),
    (162, 13, '2012-09-17 18:47:52.69'),
    (162, 12, '2012-09-17 18:47:52.69'),
    (162, 8, '2012-09-17 18:47:52.69'),
    (163, 13, '2012-09-17 18:47:52.69'),
    (163, 12, '2012-09-17 18:47:52.69'),
    (163, 8, '2012-09-17 18:47:52.69'),
    (164, 13, '2012-09-17 18:47:52.69'),
    (164, 12, '2012-09-17 18:47:52.69'),
    (164, 8, '2012-09-17 18:47:52.69'),
    (165, 13, '2012-09-17 18:47:52.69'),
    (165, 12, '2012-09-17 18:47:52.69'),
    (165, 8, '2012-09-17 18:47:52.69'),
    (166, 13, '2012-09-17 18:47:52.69'),
    (166, 12, '2012-09-17 18:47:52.69'),
    (166, 8, '2012-09-17 18:47:52.69'),
    (167, 13, '2012-09-17 18:47:52.69'),
    (167, 12, '2012-09-17 18:47:52.69'),
    (167, 8, '2012-09-17 18:47:52.69'),
    (168, 13, '2012-09-17 18:47:52.69'),
    (168, 12, '2012-09-17 18:47:52.69'),
    (168, 8, '2012-09-17 18:47:52.69'),
    (169, 14, '2012-09-17 18:47:52.69'),
    (169, 12, '2012-09-17 18:47:52.69'),
    (169, 8, '2012-09-17 18:47:52.69'),
    (170, 14, '2012-09-17 18:47:52.69'),
    (170, 12, '2012-09-17 18:47:52.69'),
    (170, 8, '2012-09-17 18:47:52.69'),
    (171, 14, '2012-09-17 18:47:52.69'),
    (171, 12, '2012-09-17 18:47:52.69'),
    (171, 8, '2012-09-17 18:47:52.69'),
    (172, 14, '2012-09-17 18:47:52.69'),
    (172, 12, '2012-09-17 18:47:52.69'),
    (172, 8, '2012-09-17 18:47:52.69'),
    (173, 14, '2012-09-17 18:47:52.69'),
    (173, 12, '2012-09-17 18:47:52.69'),
    (173, 8, '2012-09-17 18:47:52.69'),
    (174, 14, '2012-09-17 18:47:52.69'),
    (174, 12, '2012-09-17 18:47:52.69'),
    (174, 8, '2012-09-17 18:47:52.69'),
    (175, 14, '2012-09-17 18:47:52.69'),
    (175, 12, '2012-09-17 18:47:52.69'),
    (175, 8, '2012-09-17 18:47:52.69'),
    (176, 14, '2012-09-17 18:47:52.69'),
    (176, 12, '2012-09-17 18:47:52.69'),
    (176, 8, '2012-09-17 18:47:52.69'),
    (177, 14, '2012-09-17 18:47:52.69'),
    (177, 12, '2012-09-17 18:47:52.69'),
    (177, 8, '2012-09-17 18:47:52.69'),
    (178, 14, '2012-09-17 18:47:52.69'),
    (178, 12, '2012-09-17 18:47:52.69'),
    (178, 8, '2012-09-17 18:47:52.69'),
    (179, 14, '2012-09-17 18:47:52.69'),
    (179, 12, '2012-09-17 18:47:52.69'),
    (179, 8, '2012-09-17 18:47:52.69'),
    (180, 14, '2012-09-17 18:47:52.69'),
    (180, 12, '2012-09-17 18:47:52.69'),
    (180, 8, '2012-09-17 18:47:52.69'),
    (181, 14, '2012-09-17 18:47:52.69'),
    (181, 12, '2012-09-17 18:47:52.69'),
    (181, 8, '2012-09-17 18:47:52.69'),
    (182, 14, '2012-09-17 18:47:52.69'),
    (182, 12, '2012-09-17 18:47:52.69'),
    (182, 8, '2012-09-17 18:47:52.69'),
    (183, 14, '2012-09-17 18:47:52.69'),
    (183, 12, '2012-09-17 18:47:52.69'),
    (183, 8, '2012-09-17 18:47:52.69'),
    (184, 14, '2012-09-17 18:47:52.69'),
    (184, 12, '2012-09-17 18:47:52.69'),
    (184, 8, '2012-09-17 18:47:52.69'),
    (185, 14, '2012-09-17 18:47:52.69'),
    (185, 12, '2012-09-17 18:47:52.69'),
    (185, 8, '2012-09-17 18:47:52.69'),
    (186, 14, '2012-09-17 18:47:52.69'),
    (186, 12, '2012-09-17 18:47:52.69'),
    (186, 8, '2012-09-17 18:47:52.69'),
    (187, 14, '2012-09-17 18:47:52.69'),
    (187, 12, '2012-09-17 18:47:52.69'),
    (187, 8, '2012-09-17 18:47:52.69'),
    (188, 14, '2012-09-17 18:47:52.69'),
    (188, 12, '2012-09-17 18:47:52.69'),
    (188, 8, '2012-09-17 18:47:52.69'),
    (189, 14, '2012-09-17 18:47:52.69'),
    (189, 12, '2012-09-17 18:47:52.69'),
    (189, 8, '2012-09-17 18:47:52.69'),
    (190, 14, '2012-09-17 18:47:52.69'),
    (190, 12, '2012-09-17 18:47:52.69'),
    (190, 8, '2012-09-17 18:47:52.69'),
    (191, 14, '2012-09-17 18:47:52.69'),
    (191, 12, '2012-09-17 18:47:52.69'),
    (191, 8, '2012-09-17 18:47:52.69'),
    (192, 14, '2012-09-17 18:47:52.69'),
    (192, 12, '2012-09-17 18:47:52.69'),
    (192, 8, '2012-09-17 18:47:52.69');

insert into sku(id, product_id, ean, price, currency, available_quantity) values
    (1, 1, '7360447616525', 100, 'USD', 100),
    (2, 1, '6544528197336', 100, 'USD', 100),
    (3, 1, '2013286114154', 100, 'USD', 100),
    (4, 1, '4857869720666', 100, 'USD', 100),
    (5, 1, '9901228196960', 100, 'USD', 100),
    (6, 2, '6835165788561', 130, 'USD', 100),
    (7, 2, '4393061233061', 130, 'USD', 100),
    (8, 2, '1663159025301', 130, 'USD', 100),
    (9, 2, '6562537176157', 130, 'USD', 100),
    (10, 2, '7761224109445', 130, 'USD', 100),
    (11, 3, '2165260120437', 140, 'USD', 100),
    (12, 3, '7521365847668', 140, 'USD', 100),
    (13, 3, '6886557591711', 140, 'USD', 100),
    (14, 3, '1636467419121', 140, 'USD', 100),
    (15, 3, '9977992001770', 140, 'USD', 100),
    (16, 4, '3101287085617', 210, 'USD', 100),
    (17, 4, '7081658989821', 210, 'USD', 100),
    (18, 4, '5083809237723', 210, 'USD', 100),
    (19, 4, '4967928422640', 210, 'USD', 100),
    (20, 4, '4117361491824', 210, 'USD', 100),
    (21, 5, '4292958860230', 175, 'USD', 100),
    (22, 5, '1296191136853', 175, 'USD', 100),
    (23, 5, '9469426132619', 175, 'USD', 100),
    (24, 5, '6391576737407', 175, 'USD', 100),
    (25, 5, '8429101273862', 175, 'USD', 100),
    (26, 6, '1332926121402', 100, 'USD', 100),
    (27, 6, '6611452367900', 100, 'USD', 100),
    (28, 6, '7483066344854', 100, 'USD', 100),
    (29, 6, '5804297251265', 100, 'USD', 100),
    (30, 6, '9485191279342', 100, 'USD', 100),
    (31, 7, '5503643734683', 110, 'USD', 100),
    (32, 7, '7271644125206', 110, 'USD', 100),
    (33, 7, '9672300102965', 110, 'USD', 100),
    (34, 7, '4236466629024', 110, 'USD', 100),
    (35, 7, '6517128983260', 110, 'USD', 100),
    (36, 8, '7942990632395', 130, 'USD', 100),
    (37, 8, '5850943106586', 130, 'USD', 100),
    (38, 8, '6217669771402', 130, 'USD', 100),
    (39, 8, '9154713480908', 130, 'USD', 100),
    (40, 8, '5644296795692', 130, 'USD', 100),
    (41, 9, '3319672172002', 140, 'USD', 100),
    (42, 9, '7097318092460', 140, 'USD', 100),
    (43, 9, '9966513967795', 140, 'USD', 100),
    (44, 9, '1198044142487', 140, 'USD', 100),
    (45, 9, '2052035931131', 140, 'USD', 100),
    (46, 10, '6493860645526', 140, 'USD', 100),
    (47, 10, '4566787878514', 140, 'USD', 100),
    (48, 10, '4056763758231', 140, 'USD', 100),
    (49, 10, '5033002099465', 140, 'USD', 100),
    (50, 10, '5482668564892', 140, 'USD', 100),
    (51, 11, '2403217395396', 160, 'USD', 100),
    (52, 11, '3918096318752', 160, 'USD', 100),
    (53, 11, '7968207793711', 160, 'USD', 100),
    (54, 11, '2630747211553', 160, 'USD', 100),
    (55, 11, '7222613925502', 160, 'USD', 100),
    (56, 12, '4307795591631', 210, 'USD', 100),
    (57, 12, '2588240113221', 210, 'USD', 100),
    (58, 12, '8884384959439', 210, 'USD', 100),
    (59, 12, '5008701284304', 210, 'USD', 100),
    (60, 12, '2922990716716', 210, 'USD', 100),
    (61, 13, '7829145175840', 160, 'USD', 100),
    (62, 13, '8871982701787', 160, 'USD', 100),
    (63, 13, '7391978278275', 160, 'USD', 100),
    (64, 13, '7895227591401', 160, 'USD', 100),
    (65, 13, '6258228405454', 160, 'USD', 100),
    (66, 14, '2563416853315', 185, 'USD', 100),
    (67, 14, '7041787987002', 185, 'USD', 100),
    (68, 14, '4627019246881', 185, 'USD', 100),
    (69, 14, '9925298686169', 185, 'USD', 100),
    (70, 14, '3634784533265', 185, 'USD', 100),
    (71, 15, '5842686915507', 185, 'USD', 100),
    (72, 15, '1888493987740', 185, 'USD', 100),
    (73, 15, '3655910453121', 185, 'USD', 100),
    (74, 15, '7347934579351', 185, 'USD', 100),
    (75, 15, '7951558436869', 185, 'USD', 100),
    (76, 16, '6512869017863', 100, 'USD', 100),
    (77, 16, '6088532634884', 100, 'USD', 100),
    (78, 16, '9941849563569', 100, 'USD', 100),
    (79, 16, '8688970074850', 100, 'USD', 100),
    (80, 16, '7105258907710', 100, 'USD', 100),
    (81, 17, '5515143508696', 100, 'USD', 100),
    (82, 17, '1697807522056', 100, 'USD', 100),
    (83, 17, '7492418428115', 100, 'USD', 100),
    (84, 17, '1405405368196', 100, 'USD', 100),
    (85, 17, '4214928436460', 100, 'USD', 100),
    (86, 18, '6785909299532', 100, 'USD', 100),
    (87, 18, '4447201322624', 100, 'USD', 100),
    (88, 18, '9759364743111', 100, 'USD', 100),
    (89, 18, '1155499165420', 100, 'USD', 100),
    (90, 18, '1787777593975', 100, 'USD', 100),
    (91, 19, '7098710286823', 100, 'USD', 100),
    (92, 19, '2657855491038', 100, 'USD', 100),
    (93, 19, '4421454068092', 100, 'USD', 100),
    (94, 19, '7671718071054', 100, 'USD', 100),
    (95, 19, '5968246594466', 100, 'USD', 100),
    (96, 20, '8632147545036', 120, 'USD', 100),
    (97, 20, '3098713382778', 120, 'USD', 100),
    (98, 20, '5225535727456', 120, 'USD', 100),
    (99, 20, '6227281525796', 120, 'USD', 100),
    (100, 20, '8734681745404', 120, 'USD', 100),
    (101, 21, '2506134094653', 110, 'USD', 100),
    (102, 21, '1330165364934', 110, 'USD', 100),
    (103, 21, '9224573761785', 110, 'USD', 100),
    (104, 21, '4375708531844', 110, 'USD', 100),
    (105, 21, '7980504806362', 110, 'USD', 100),
    (106, 22, '7493496616163', 115, 'USD', 100),
    (107, 22, '3879074246155', 115, 'USD', 100),
    (108, 22, '3773231141988', 115, 'USD', 100),
    (109, 22, '7170524439131', 115, 'USD', 100),
    (110, 22, '4472341415140', 115, 'USD', 100),
    (111, 23, '9181223980761', 130, 'USD', 100),
    (112, 23, '3939540458694', 130, 'USD', 100),
    (113, 23, '1852406265608', 130, 'USD', 100),
    (114, 23, '5240177728703', 130, 'USD', 100),
    (115, 23, '4019405627327', 130, 'USD', 100),
    (116, 24, '8749731708989', 150, 'USD', 100),
    (117, 24, '7283999059616', 150, 'USD', 100),
    (118, 24, '6946273671797', 150, 'USD', 100),
    (119, 24, '4204044805938', 150, 'USD', 100),
    (120, 24, '5972570311176', 150, 'USD', 100),
    (121, 25, '4064746700702', 120, 'USD', 100),
    (122, 25, '6689782963537', 120, 'USD', 100),
    (123, 25, '9646592382723', 120, 'USD', 100),
    (124, 25, '3004606173517', 120, 'USD', 100),
    (125, 25, '1880971093878', 120, 'USD', 100),
    (126, 26, '7034445341992', 180, 'USD', 100),
    (127, 26, '6197257772441', 180, 'USD', 100),
    (128, 26, '9649411521632', 180, 'USD', 100),
    (129, 26, '4840982118358', 180, 'USD', 100),
    (130, 26, '1584745032088', 180, 'USD', 100),
    (131, 27, '7927961378617', 127, 'USD', 100),
    (132, 27, '4761089821691', 127, 'USD', 100),
    (133, 27, '2716413488104', 127, 'USD', 100),
    (134, 27, '4296137144651', 127, 'USD', 100),
    (135, 27, '1518253139775', 127, 'USD', 100),
    (136, 28, '1855360433797', 170, 'USD', 100),
    (137, 28, '7955467705740', 170, 'USD', 100),
    (138, 28, '3484969836851', 170, 'USD', 100),
    (139, 28, '1878257324388', 170, 'USD', 100),
    (140, 28, '4942275795790', 170, 'USD', 100),
    (141, 29, '7939283837600', 250, 'USD', 100),
    (142, 29, '9471053487053', 250, 'USD', 100),
    (143, 29, '8212809591544', 250, 'USD', 100),
    (144, 29, '7163445519822', 250, 'USD', 100),
    (145, 29, '4382092433977', 250, 'USD', 100),
    (146, 30, '1766801086560', 285, 'USD', 100),
    (147, 30, '9509466450982', 285, 'USD', 100),
    (148, 30, '4281679931627', 285, 'USD', 100),
    (149, 30, '2667547382249', 285, 'USD', 100),
    (150, 30, '7139338775101', 285, 'USD', 100),
    (151, 31, '5818459179316', 140, 'USD', 100),
    (152, 31, '6959577389617', 140, 'USD', 100),
    (153, 31, '9262722370297', 140, 'USD', 100),
    (154, 31, '1013583028222', 140, 'USD', 100),
    (155, 31, '1984596835266', 140, 'USD', 100),
    (156, 32, '2582948771097', 120, 'USD', 100),
    (157, 32, '2831712847789', 120, 'USD', 100),
    (158, 32, '3543706960584', 120, 'USD', 100),
    (159, 32, '3537352512520', 120, 'USD', 100),
    (160, 32, '2326139661893', 120, 'USD', 100),
    (161, 33, '8234784338053', 160, 'USD', 100),
    (162, 33, '9255177502090', 160, 'USD', 100),
    (163, 33, '7521307824666', 160, 'USD', 100),
    (164, 33, '8624842084031', 160, 'USD', 100),
    (165, 33, '2326237245816', 160, 'USD', 100),
    (166, 34, '7224971480126', 130, 'USD', 100),
    (167, 34, '7681245267749', 130, 'USD', 100),
    (168, 34, '7771869218623', 130, 'USD', 100),
    (169, 34, '7663573593912', 130, 'USD', 100),
    (170, 34, '2640417686309', 130, 'USD', 100),
    (171, 35, '5566044384945', 130, 'USD', 100),
    (172, 35, '5883947907940', 130, 'USD', 100),
    (173, 35, '5126083785842', 130, 'USD', 100),
    (174, 35, '2964162027021', 130, 'USD', 100),
    (175, 35, '8265991831518', 130, 'USD', 100),
    (176, 36, '4910467654903', 140, 'USD', 100),
    (177, 36, '8331088918285', 140, 'USD', 100),
    (178, 36, '7893411600268', 140, 'USD', 100),
    (179, 36, '4310619219625', 140, 'USD', 100),
    (180, 36, '2625469861677', 140, 'USD', 100),
    (181, 37, '4634360051048', 150, 'USD', 100),
    (182, 37, '2623664367683', 150, 'USD', 100),
    (183, 37, '9922766808358', 150, 'USD', 100),
    (184, 37, '4018983545315', 150, 'USD', 100),
    (185, 37, '6235569408926', 150, 'USD', 100),
    (186, 38, '5603731140125', 100, 'USD', 100),
    (187, 38, '2396975238340', 100, 'USD', 100),
    (188, 38, '2395541796066', 100, 'USD', 100),
    (189, 38, '8372941471938', 100, 'USD', 100),
    (190, 38, '6176447081359', 100, 'USD', 100),
    (191, 39, '8760622940046', 200, 'USD', 100),
    (192, 39, '5915890258714', 200, 'USD', 100),
    (193, 39, '9523537194021', 200, 'USD', 100),
    (194, 39, '8411030253272', 200, 'USD', 100),
    (195, 39, '5834305251686', 200, 'USD', 100),
    (196, 40, '2153565238760', 75, 'USD', 100),
    (197, 40, '1546954461837', 75, 'USD', 100),
    (198, 40, '7142863954240', 75, 'USD', 100),
    (199, 40, '2199665733962', 75, 'USD', 100),
    (200, 40, '1266861486162', 75, 'USD', 100),
    (201, 41, '8861968763773', 140, 'USD', 100),
    (202, 41, '5576837643866', 140, 'USD', 100),
    (203, 41, '8807688790673', 140, 'USD', 100),
    (204, 41, '4812798952007', 140, 'USD', 100),
    (205, 41, '5976909217394', 140, 'USD', 100),
    (206, 42, '2995416548163', 105, 'USD', 100),
    (207, 42, '2709455404588', 105, 'USD', 100),
    (208, 42, '6912204544993', 105, 'USD', 100),
    (209, 42, '1916910057506', 105, 'USD', 100),
    (210, 42, '4172856800738', 105, 'USD', 100),
    (211, 43, '9928605877223', 90, 'USD', 100),
    (212, 43, '3781316188324', 90, 'USD', 100),
    (213, 43, '9334932858812', 90, 'USD', 100),
    (214, 43, '4024155268136', 90, 'USD', 100),
    (215, 43, '1458510193575', 90, 'USD', 100),
    (216, 44, '4361329730238', 130, 'USD', 100),
    (217, 44, '8019934520364', 130, 'USD', 100),
    (218, 44, '8545369951055', 130, 'USD', 100),
    (219, 44, '6679197128363', 130, 'USD', 100),
    (220, 44, '1482471530055', 130, 'USD', 100),
    (221, 45, '8235248818517', 130, 'USD', 100),
    (222, 45, '5550327686941', 130, 'USD', 100),
    (223, 45, '4670171173068', 130, 'USD', 100),
    (224, 45, '8444785577088', 130, 'USD', 100),
    (225, 45, '8092466625879', 130, 'USD', 100),
    (226, 46, '3223323035935', 120, 'USD', 100),
    (227, 46, '5476380928446', 120, 'USD', 100),
    (228, 46, '7852221654805', 120, 'USD', 100),
    (229, 46, '2993530076616', 120, 'USD', 100),
    (230, 46, '7476244338672', 120, 'USD', 100),
    (231, 47, '2550942383695', 909, 'USD', 100),
    (232, 47, '8108829545309', 909, 'USD', 100),
    (233, 47, '9117787608317', 909, 'USD', 100),
    (234, 47, '9665567389297', 909, 'USD', 100),
    (235, 47, '3855634741669', 909, 'USD', 100),
    (236, 48, '7701309693334', 65, 'USD', 100),
    (237, 48, '1131323918144', 65, 'USD', 100),
    (238, 48, '4383699940112', 65, 'USD', 100),
    (239, 48, '8002185033346', 65, 'USD', 100),
    (240, 48, '9985079872555', 65, 'USD', 100),
    (241, 49, '2254541998104', 369, 'USD', 100),
    (242, 49, '3141926899459', 369, 'USD', 100),
    (243, 49, '5826429974657', 369, 'USD', 100),
    (244, 49, '4245823498991', 369, 'USD', 100),
    (245, 49, '4378203744134', 369, 'USD', 100),
    (246, 50, '7845990981003', 50, 'USD', 100),
    (247, 50, '4757829692759', 50, 'USD', 100),
    (248, 50, '3405878771297', 50, 'USD', 100),
    (249, 50, '2668849207108', 50, 'USD', 100),
    (250, 50, '4681181809460', 50, 'USD', 100),
    (251, 51, '6370928211476', 70, 'USD', 100),
    (252, 51, '4062442454760', 70, 'USD', 100),
    (253, 51, '9794677106694', 70, 'USD', 100),
    (254, 51, '9749275381009', 70, 'USD', 100),
    (255, 51, '9840350910562', 70, 'USD', 100),
    (256, 52, '2172209875990', 70, 'USD', 100),
    (257, 52, '8835956047546', 70, 'USD', 100),
    (258, 52, '4458121123842', 70, 'USD', 100),
    (259, 52, '7995325425602', 70, 'USD', 100),
    (260, 52, '8349474510823', 70, 'USD', 100),
    (261, 53, '3333559525833', 50, 'USD', 100),
    (262, 53, '5614017994735', 50, 'USD', 100),
    (263, 53, '6635133028051', 50, 'USD', 100),
    (264, 53, '5845079333376', 50, 'USD', 100),
    (265, 53, '6259095060053', 50, 'USD', 100),
    (266, 54, '6052689186571', 50, 'USD', 100),
    (267, 54, '2032262398093', 50, 'USD', 100),
    (268, 54, '4649718860530', 50, 'USD', 100),
    (269, 54, '3012648527227', 50, 'USD', 100),
    (270, 54, '9063114220819', 50, 'USD', 100),
    (271, 55, '4969720842623', 55, 'USD', 100),
    (272, 55, '4842781259638', 55, 'USD', 100),
    (273, 55, '1336009765264', 55, 'USD', 100),
    (274, 55, '8083096301199', 55, 'USD', 100),
    (275, 55, '5151693285654', 55, 'USD', 100),
    (276, 56, '3358965566383', 55, 'USD', 100),
    (277, 56, '3116408144742', 55, 'USD', 100),
    (278, 56, '9690235225102', 55, 'USD', 100),
    (279, 56, '8552292322007', 55, 'USD', 100),
    (280, 56, '5598816319085', 55, 'USD', 100),
    (281, 57, '6206473750405', 75, 'USD', 100),
    (282, 57, '7543144702315', 75, 'USD', 100),
    (283, 57, '7406309173154', 75, 'USD', 100),
    (284, 57, '2228228482150', 75, 'USD', 100),
    (285, 57, '6224681894772', 75, 'USD', 100),
    (286, 58, '9588151153932', 45, 'USD', 100),
    (287, 58, '3648365336303', 45, 'USD', 100),
    (288, 58, '9816159466365', 45, 'USD', 100),
    (289, 58, '5567205407471', 45, 'USD', 100),
    (290, 58, '2824377853726', 45, 'USD', 100),
    (291, 59, '8993571477521', 35, 'USD', 100),
    (292, 59, '1248468622845', 35, 'USD', 100),
    (293, 59, '2325319130415', 35, 'USD', 100),
    (294, 59, '7867780503772', 35, 'USD', 100),
    (295, 59, '9554129150839', 35, 'USD', 100),
    (296, 60, '1789892439516', 30, 'USD', 100),
    (297, 60, '4328202668584', 30, 'USD', 100),
    (298, 60, '8902071106504', 30, 'USD', 100),
    (299, 60, '6751581512680', 30, 'USD', 100),
    (300, 60, '5239137470458', 30, 'USD', 100),
    (301, 61, '9546349629380', 25, 'USD', 100),
    (302, 61, '7990281011438', 25, 'USD', 100),
    (303, 61, '3031834695620', 25, 'USD', 100),
    (304, 61, '1979620974433', 25, 'USD', 100),
    (305, 61, '1052254707498', 25, 'USD', 100),
    (306, 62, '7186038276133', 25, 'USD', 100),
    (307, 62, '5284766587464', 25, 'USD', 100),
    (308, 62, '1114436014212', 25, 'USD', 100),
    (309, 62, '6970444794363', 25, 'USD', 100),
    (310, 62, '8542168160078', 25, 'USD', 100),
    (311, 63, '7030473381063', 40, 'USD', 100),
    (312, 63, '6549899109506', 40, 'USD', 100),
    (313, 63, '1109184702352', 40, 'USD', 100),
    (314, 63, '9765534552469', 40, 'USD', 100),
    (315, 63, '4208278513651', 40, 'USD', 100),
    (316, 64, '8884088376417', 50, 'USD', 100),
    (317, 64, '2575198577215', 50, 'USD', 100),
    (318, 64, '5622397277869', 50, 'USD', 100),
    (319, 64, '5799648726291', 50, 'USD', 100),
    (320, 64, '2829840630869', 50, 'USD', 100),
    (321, 65, '7780071214229', 60, 'USD', 100),
    (322, 65, '6424912187926', 60, 'USD', 100),
    (323, 65, '9295025598284', 60, 'USD', 100),
    (324, 65, '7692523630328', 60, 'USD', 100),
    (325, 65, '5696673111707', 60, 'USD', 100),
    (326, 66, '4389548147288', 55, 'USD', 100),
    (327, 66, '2841346092251', 55, 'USD', 100),
    (328, 66, '7942286690449', 55, 'USD', 100),
    (329, 66, '4004519975700', 55, 'USD', 100),
    (330, 66, '9645663776839', 55, 'USD', 100),
    (331, 67, '2531348275287', 75, 'USD', 100),
    (332, 67, '1935911014992', 75, 'USD', 100),
    (333, 67, '6723580439738', 75, 'USD', 100),
    (334, 67, '4393364090430', 75, 'USD', 100),
    (335, 67, '9661085749745', 75, 'USD', 100),
    (336, 68, '4359698417037', 40, 'USD', 100),
    (337, 68, '8166085340037', 40, 'USD', 100),
    (338, 68, '2387544768358', 40, 'USD', 100),
    (339, 68, '5596364824756', 40, 'USD', 100),
    (340, 68, '1569425960718', 40, 'USD', 100),
    (341, 69, '8725642271206', 43, 'USD', 100),
    (342, 69, '6290497832686', 43, 'USD', 100),
    (343, 69, '2909583610823', 43, 'USD', 100),
    (344, 69, '1915601752639', 43, 'USD', 100),
    (345, 69, '3286262446597', 43, 'USD', 100),
    (346, 70, '3127419264849', 60, 'USD', 100),
    (347, 70, '6479654233000', 60, 'USD', 100),
    (348, 70, '6664666899577', 60, 'USD', 100),
    (349, 70, '4859659516680', 60, 'USD', 100),
    (350, 70, '9228606970261', 60, 'USD', 100),
    (351, 71, '3240483867504', 70, 'USD', 100),
    (352, 71, '2572811259965', 70, 'USD', 100),
    (353, 71, '1737943809614', 70, 'USD', 100),
    (354, 71, '1143079736456', 70, 'USD', 100),
    (355, 71, '1249742012947', 70, 'USD', 100),
    (356, 72, '3845045805176', 60, 'USD', 100),
    (357, 72, '8753925350573', 60, 'USD', 100),
    (358, 72, '4737481198595', 60, 'USD', 100),
    (359, 72, '8373139696542', 60, 'USD', 100),
    (360, 72, '1104243631039', 60, 'USD', 100),
    (361, 73, '3861472510905', 10, 'USD', 100),
    (362, 73, '9176628150313', 10, 'USD', 100),
    (363, 73, '5709357097593', 10, 'USD', 100),
    (364, 73, '3522912081809', 10, 'USD', 100),
    (365, 73, '5174472053502', 10, 'USD', 100),
    (366, 74, '4521039570086', 18, 'USD', 100),
    (367, 74, '6532318496933', 18, 'USD', 100),
    (368, 74, '4091843296154', 18, 'USD', 100),
    (369, 74, '9279846367554', 18, 'USD', 100),
    (370, 74, '8216554248177', 18, 'USD', 100),
    (371, 75, '9047778828541', 22, 'USD', 100),
    (372, 75, '2850159758572', 22, 'USD', 100),
    (373, 75, '2123524383174', 22, 'USD', 100),
    (374, 75, '1826949780108', 22, 'USD', 100),
    (375, 75, '5401987620982', 22, 'USD', 100),
    (376, 76, '3637565610309', 18, 'USD', 100),
    (377, 76, '8686749180292', 18, 'USD', 100),
    (378, 76, '3906810080833', 18, 'USD', 100),
    (379, 76, '8273660569440', 18, 'USD', 100),
    (380, 76, '1833234197069', 18, 'USD', 100),
    (381, 77, '1318160643183', 20, 'USD', 100),
    (382, 77, '4703087002980', 20, 'USD', 100),
    (383, 77, '5969458160292', 20, 'USD', 100),
    (384, 77, '4654672095446', 20, 'USD', 100),
    (385, 77, '1289795816119', 20, 'USD', 100),
    (386, 78, '7291082877461', 16, 'USD', 100),
    (387, 78, '5679799395589', 16, 'USD', 100),
    (388, 78, '5765265606684', 16, 'USD', 100),
    (389, 78, '2553243348484', 16, 'USD', 100),
    (390, 78, '3973419537789', 16, 'USD', 100),
    (391, 79, '8537845622881', 22, 'USD', 100),
    (392, 79, '1800790370565', 22, 'USD', 100),
    (393, 79, '9344774596280', 22, 'USD', 100),
    (394, 79, '1015011507981', 22, 'USD', 100),
    (395, 79, '5522650781423', 22, 'USD', 100),
    (396, 80, '9410691859808', 18, 'USD', 100),
    (397, 80, '5874624489776', 18, 'USD', 100),
    (398, 80, '8162560560068', 18, 'USD', 100),
    (399, 80, '9853300345985', 18, 'USD', 100),
    (400, 80, '4418085065511', 18, 'USD', 100),
    (401, 81, '5769541044993', 18, 'USD', 100),
    (402, 81, '3961295758695', 18, 'USD', 100),
    (403, 81, '7931096833985', 18, 'USD', 100),
    (404, 81, '6286335561662', 18, 'USD', 100),
    (405, 81, '1936621838396', 18, 'USD', 100),
    (406, 82, '1457235409353', 18, 'USD', 100),
    (407, 82, '4382189212533', 18, 'USD', 100),
    (408, 82, '2611233157939', 18, 'USD', 100),
    (409, 82, '3002651914412', 18, 'USD', 100),
    (410, 82, '3845324882434', 18, 'USD', 100),
    (411, 83, '7687504035772', 20, 'USD', 100),
    (412, 83, '3139936070526', 20, 'USD', 100),
    (413, 83, '4294261126420', 20, 'USD', 100),
    (414, 83, '5231689261497', 20, 'USD', 100),
    (415, 83, '8759190930256', 20, 'USD', 100),
    (416, 84, '8268833632192', 20, 'USD', 100),
    (417, 84, '2199689194611', 20, 'USD', 100),
    (418, 84, '4853691420253', 20, 'USD', 100),
    (419, 84, '7134061345987', 20, 'USD', 100),
    (420, 84, '6942357912453', 20, 'USD', 100),
    (421, 85, '8546538539329', 20, 'USD', 100),
    (422, 85, '6278519397989', 20, 'USD', 100),
    (423, 85, '9049690344388', 20, 'USD', 100),
    (424, 85, '2398053286404', 20, 'USD', 100),
    (425, 85, '2337244227249', 20, 'USD', 100),
    (426, 86, '6435929387156', 20, 'USD', 100),
    (427, 86, '4966762662489', 20, 'USD', 100),
    (428, 86, '4129423632731', 20, 'USD', 100),
    (429, 86, '3655599584751', 20, 'USD', 100),
    (430, 86, '1312106597177', 20, 'USD', 100),
    (431, 87, '4778819321380', 18, 'USD', 100),
    (432, 87, '5150113799637', 18, 'USD', 100),
    (433, 87, '4871480685409', 18, 'USD', 100),
    (434, 87, '8486225703784', 18, 'USD', 100),
    (435, 87, '7449935069600', 18, 'USD', 100),
    (436, 88, '7626878524709', 18, 'USD', 100),
    (437, 88, '1462731981800', 18, 'USD', 100),
    (438, 88, '6243418868804', 18, 'USD', 100),
    (439, 88, '6242959254883', 18, 'USD', 100),
    (440, 88, '4136661805482', 18, 'USD', 100),
    (441, 89, '7440573205021', 28, 'USD', 100),
    (442, 89, '4669259779639', 28, 'USD', 100),
    (443, 89, '3114852776283', 28, 'USD', 100),
    (444, 89, '4589967906219', 28, 'USD', 100),
    (445, 89, '8455026525078', 28, 'USD', 100),
    (446, 90, '7183558428213', 18, 'USD', 100),
    (447, 90, '1074232667667', 18, 'USD', 100),
    (448, 90, '8215425574554', 18, 'USD', 100),
    (449, 90, '8579069771296', 18, 'USD', 100),
    (450, 90, '7995402296575', 18, 'USD', 100),
    (451, 91, '7254661823981', 17, 'USD', 100),
    (452, 91, '5887252562003', 17, 'USD', 100),
    (453, 91, '8451435816196', 17, 'USD', 100),
    (454, 91, '1944693397083', 17, 'USD', 100),
    (455, 91, '8414642372198', 17, 'USD', 100),
    (456, 92, '2936571639899', 18, 'USD', 100),
    (457, 92, '8106837329476', 18, 'USD', 100),
    (458, 92, '3795719366750', 18, 'USD', 100),
    (459, 92, '6690826676567', 18, 'USD', 100),
    (460, 92, '6590140829987', 18, 'USD', 100),
    (461, 93, '9863646064604', 18, 'USD', 100),
    (462, 93, '2580605242020', 18, 'USD', 100),
    (463, 93, '9403012435503', 18, 'USD', 100),
    (464, 93, '5789962571075', 18, 'USD', 100),
    (465, 93, '3551461180675', 18, 'USD', 100),
    (466, 94, '4201839336852', 18, 'USD', 100),
    (467, 94, '8511720213308', 18, 'USD', 100),
    (468, 94, '9105140562625', 18, 'USD', 100),
    (469, 94, '4890099927913', 18, 'USD', 100),
    (470, 94, '6334559648158', 18, 'USD', 100),
    (471, 95, '5140151750369', 18, 'USD', 100),
    (472, 95, '6340086023754', 18, 'USD', 100),
    (473, 95, '3446562766969', 18, 'USD', 100),
    (474, 95, '5937071859326', 18, 'USD', 100),
    (475, 95, '1681602949343', 18, 'USD', 100),
    (476, 96, '5650871576181', 18, 'USD', 100),
    (477, 96, '7951407916694', 18, 'USD', 100),
    (478, 96, '9903305890424', 18, 'USD', 100),
    (479, 96, '1677759267726', 18, 'USD', 100),
    (480, 96, '7438838746885', 18, 'USD', 100),
    (481, 97, '9534908598879', 100, 'USD', 100),
    (482, 97, '4629584531867', 100, 'USD', 100),
    (483, 97, '4541742345506', 100, 'USD', 100),
    (484, 97, '5801115012133', 100, 'USD', 100),
    (485, 97, '2244052987884', 100, 'USD', 100),
    (486, 98, '7100637834496', 100, 'USD', 100),
    (487, 98, '2406361598184', 100, 'USD', 100),
    (488, 98, '3416619066795', 100, 'USD', 100),
    (489, 98, '2756429568016', 100, 'USD', 100),
    (490, 98, '5740101220874', 100, 'USD', 100),
    (491, 99, '6947882700936', 130, 'USD', 100),
    (492, 99, '5546441972311', 130, 'USD', 100),
    (493, 99, '6878956150167', 130, 'USD', 100),
    (494, 99, '7929322316198', 130, 'USD', 100),
    (495, 99, '2407650721090', 130, 'USD', 100),
    (496, 100, '4975232037651', 175, 'USD', 100),
    (497, 100, '1556878994055', 175, 'USD', 100),
    (498, 100, '2000935587722', 175, 'USD', 100),
    (499, 100, '7252064076083', 175, 'USD', 100),
    (500, 100, '4604740095538', 175, 'USD', 100),
    (501, 101, '2611873162592', 110, 'USD', 100),
    (502, 101, '9315695677815', 110, 'USD', 100),
    (503, 101, '7931304974479', 110, 'USD', 100),
    (504, 101, '3934775534258', 110, 'USD', 100),
    (505, 101, '2534104110685', 110, 'USD', 100),
    (506, 102, '8571361967736', 100, 'USD', 100),
    (507, 102, '1819139871461', 100, 'USD', 100),
    (508, 102, '8749667257212', 100, 'USD', 100),
    (509, 102, '7404445267123', 100, 'USD', 100),
    (510, 102, '8965581387297', 100, 'USD', 100),
    (511, 103, '1568972399712', 110, 'USD', 100),
    (512, 103, '6113432906400', 110, 'USD', 100),
    (513, 103, '7491605933007', 110, 'USD', 100),
    (514, 103, '9665334245331', 110, 'USD', 100),
    (515, 103, '4958419717890', 110, 'USD', 100),
    (516, 104, '4268957496476', 130, 'USD', 100),
    (517, 104, '9859902589082', 130, 'USD', 100),
    (518, 104, '2458347971060', 130, 'USD', 100),
    (519, 104, '6668558427113', 130, 'USD', 100),
    (520, 104, '3498956698516', 130, 'USD', 100),
    (521, 105, '5267208769206', 160, 'USD', 100),
    (522, 105, '4266078599481', 160, 'USD', 100),
    (523, 105, '5567817362572', 160, 'USD', 100),
    (524, 105, '7992236630680', 160, 'USD', 100),
    (525, 105, '4869748794815', 160, 'USD', 100),
    (526, 106, '6105479595998', 210, 'USD', 100),
    (527, 106, '3154120735740', 210, 'USD', 100),
    (528, 106, '3445737488610', 210, 'USD', 100),
    (529, 106, '1404888166028', 210, 'USD', 100),
    (530, 106, '7291226907882', 210, 'USD', 100),
    (531, 107, '8822577313829', 200, 'USD', 100),
    (532, 107, '5748557905175', 200, 'USD', 100),
    (533, 107, '8625816191085', 200, 'USD', 100),
    (534, 107, '6336858403694', 200, 'USD', 100),
    (535, 107, '5244947372812', 200, 'USD', 100),
    (536, 108, '2492857071747', 150, 'USD', 100),
    (537, 108, '6829161021036', 150, 'USD', 100),
    (538, 108, '7721563621828', 150, 'USD', 100),
    (539, 108, '6392207514640', 150, 'USD', 100),
    (540, 108, '7456354234975', 150, 'USD', 100),
    (541, 109, '9124149949582', 120, 'USD', 100),
    (542, 109, '3311998578897', 120, 'USD', 100),
    (543, 109, '9823981080874', 120, 'USD', 100),
    (544, 109, '2936153901836', 120, 'USD', 100),
    (545, 109, '4721952038161', 120, 'USD', 100),
    (546, 110, '1626533075781', 110, 'USD', 100),
    (547, 110, '7743289206831', 110, 'USD', 100),
    (548, 110, '4850288938839', 110, 'USD', 100),
    (549, 110, '5099903106477', 110, 'USD', 100),
    (550, 110, '4349189694679', 110, 'USD', 100),
    (551, 111, '6340335929354', 95, 'USD', 100),
    (552, 111, '8809655782325', 95, 'USD', 100),
    (553, 111, '4840213662933', 95, 'USD', 100),
    (554, 111, '1029752314251', 95, 'USD', 100),
    (555, 111, '8717126826500', 95, 'USD', 100),
    (556, 112, '1454382655365', 110, 'USD', 100),
    (557, 112, '7233347993333', 110, 'USD', 100),
    (558, 112, '7298014307566', 110, 'USD', 100),
    (559, 112, '1935070771966', 110, 'USD', 100),
    (560, 112, '5727215732819', 110, 'USD', 100),
    (561, 113, '3248268721074', 130, 'USD', 100),
    (562, 113, '3762536380757', 130, 'USD', 100),
    (563, 113, '5954420147379', 130, 'USD', 100),
    (564, 113, '7162082528529', 130, 'USD', 100),
    (565, 113, '2783819299631', 130, 'USD', 100),
    (566, 114, '4778542706468', 100, 'USD', 100),
    (567, 114, '9423319891705', 100, 'USD', 100),
    (568, 114, '4026367439197', 100, 'USD', 100),
    (569, 114, '9869725576004', 100, 'USD', 100),
    (570, 114, '2356576664579', 100, 'USD', 100),
    (571, 115, '4393645172990', 95, 'USD', 100),
    (572, 115, '4219525023935', 95, 'USD', 100),
    (573, 115, '9054384594119', 95, 'USD', 100),
    (574, 115, '8070065611304', 95, 'USD', 100),
    (575, 115, '8145153157772', 95, 'USD', 100),
    (576, 116, '4459313721833', 95, 'USD', 100),
    (577, 116, '5881396107460', 95, 'USD', 100),
    (578, 116, '9989766379409', 95, 'USD', 100),
    (579, 116, '5809469779271', 95, 'USD', 100),
    (580, 116, '6629428199927', 95, 'USD', 100),
    (581, 117, '1606617865670', 55, 'USD', 100),
    (582, 117, '5375056635208', 55, 'USD', 100),
    (583, 117, '1316292349419', 55, 'USD', 100),
    (584, 117, '2747293939631', 55, 'USD', 100),
    (585, 117, '9149943764238', 55, 'USD', 100),
    (586, 118, '4503580184223', 60, 'USD', 100),
    (587, 118, '2006218028432', 60, 'USD', 100),
    (588, 118, '1520497592000', 60, 'USD', 100),
    (589, 118, '1374409670616', 60, 'USD', 100),
    (590, 118, '5789856731251', 60, 'USD', 100),
    (591, 119, '1447998798568', 80, 'USD', 100),
    (592, 119, '4924609460996', 80, 'USD', 100),
    (593, 119, '6075948616859', 80, 'USD', 100),
    (594, 119, '8555915475051', 80, 'USD', 100),
    (595, 119, '4694055136125', 80, 'USD', 100),
    (596, 120, '4417308271551', 140, 'USD', 100),
    (597, 120, '3319531177031', 140, 'USD', 100),
    (598, 120, '3220244194360', 140, 'USD', 100),
    (599, 120, '8776129531125', 140, 'USD', 100),
    (600, 120, '7566972155615', 140, 'USD', 100),
    (601, 121, '6445876608902', 120, 'USD', 100),
    (602, 121, '8034245494996', 120, 'USD', 100),
    (603, 121, '1200174933584', 120, 'USD', 100),
    (604, 121, '5319973805116', 120, 'USD', 100),
    (605, 121, '1111073645565', 120, 'USD', 100),
    (606, 122, '7882800722373', 180, 'USD', 100),
    (607, 122, '7944774148390', 180, 'USD', 100),
    (608, 122, '1277112070359', 180, 'USD', 100),
    (609, 122, '4354906966410', 180, 'USD', 100),
    (610, 122, '9753468201048', 180, 'USD', 100),
    (611, 123, '9817064407786', 127, 'USD', 100),
    (612, 123, '9042488807964', 127, 'USD', 100),
    (613, 123, '9451631953797', 127, 'USD', 100),
    (614, 123, '2370558501608', 127, 'USD', 100),
    (615, 123, '5199087496747', 127, 'USD', 100),
    (616, 124, '2486323351841', 170, 'USD', 100),
    (617, 124, '5453858265600', 170, 'USD', 100),
    (618, 124, '9227834416150', 170, 'USD', 100),
    (619, 124, '2244702718928', 170, 'USD', 100),
    (620, 124, '9120684715495', 170, 'USD', 100),
    (621, 125, '8119708856073', 250, 'USD', 100),
    (622, 125, '3273233003024', 250, 'USD', 100),
    (623, 125, '1936160566361', 250, 'USD', 100),
    (624, 125, '7420980296341', 250, 'USD', 100),
    (625, 125, '2416246885349', 250, 'USD', 100),
    (626, 126, '7043899833804', 285, 'USD', 100),
    (627, 126, '2101158322467', 285, 'USD', 100),
    (628, 126, '1350289024706', 285, 'USD', 100),
    (629, 126, '3045806738004', 285, 'USD', 100),
    (630, 126, '1069248123467', 285, 'USD', 100),
    (631, 127, '7430060993953', 140, 'USD', 100),
    (632, 127, '3605868081834', 140, 'USD', 100),
    (633, 127, '1186962783697', 140, 'USD', 100),
    (634, 127, '8515641336792', 140, 'USD', 100),
    (635, 127, '1147810304165', 140, 'USD', 100),
    (636, 128, '8649781549685', 120, 'USD', 100),
    (637, 128, '3068579823825', 120, 'USD', 100),
    (638, 128, '4829810976584', 120, 'USD', 100),
    (639, 128, '8881340044695', 120, 'USD', 100),
    (640, 128, '6271648184693', 120, 'USD', 100),
    (641, 129, '2962457192960', 160, 'USD', 100),
    (642, 129, '2708746148154', 160, 'USD', 100),
    (643, 129, '9283983334842', 160, 'USD', 100),
    (644, 129, '4352008947045', 160, 'USD', 100),
    (645, 129, '3248299014537', 160, 'USD', 100),
    (646, 130, '2974199971158', 130, 'USD', 100),
    (647, 130, '3501041865067', 130, 'USD', 100),
    (648, 130, '3250320425388', 130, 'USD', 100),
    (649, 130, '7969608924749', 130, 'USD', 100),
    (650, 130, '4911505544591', 130, 'USD', 100),
    (651, 131, '6479457888611', 130, 'USD', 100),
    (652, 131, '5949248862874', 130, 'USD', 100),
    (653, 131, '6550574994216', 130, 'USD', 100),
    (654, 131, '2799102185827', 130, 'USD', 100),
    (655, 131, '7521354674162', 130, 'USD', 100),
    (656, 132, '5744328931496', 140, 'USD', 100),
    (657, 132, '2541864326192', 140, 'USD', 100),
    (658, 132, '1938976154903', 140, 'USD', 100),
    (659, 132, '2821746739780', 140, 'USD', 100),
    (660, 132, '7087161985978', 140, 'USD', 100),
    (661, 133, '7789129063415', 150, 'USD', 100),
    (662, 133, '7639557241085', 150, 'USD', 100),
    (663, 133, '7467497167261', 150, 'USD', 100),
    (664, 133, '4593523842653', 150, 'USD', 100),
    (665, 133, '4407929731270', 150, 'USD', 100),
    (666, 134, '1582306439343', 100, 'USD', 100),
    (667, 134, '3685843068062', 100, 'USD', 100),
    (668, 134, '6802432364810', 100, 'USD', 100),
    (669, 134, '7772144191970', 100, 'USD', 100),
    (670, 134, '7600725056083', 100, 'USD', 100),
    (671, 135, '4882565281919', 200, 'USD', 100),
    (672, 135, '3972805094755', 200, 'USD', 100),
    (673, 135, '9149701006537', 200, 'USD', 100),
    (674, 135, '7043059877335', 200, 'USD', 100),
    (675, 135, '9953416360532', 200, 'USD', 100),
    (676, 136, '1361050599795', 75, 'USD', 100),
    (677, 136, '5936450728563', 75, 'USD', 100),
    (678, 136, '1841936229427', 75, 'USD', 100),
    (679, 136, '3329955881035', 75, 'USD', 100),
    (680, 136, '9918715155184', 75, 'USD', 100),
    (681, 137, '5995450152083', 140, 'USD', 100),
    (682, 137, '6735820750508', 140, 'USD', 100),
    (683, 137, '5845277977322', 140, 'USD', 100),
    (684, 137, '8841780632186', 140, 'USD', 100),
    (685, 137, '4333405926100', 140, 'USD', 100),
    (686, 138, '4936276256268', 105, 'USD', 100),
    (687, 138, '3555048134226', 105, 'USD', 100),
    (688, 138, '6199414855387', 105, 'USD', 100),
    (689, 138, '3385491591198', 105, 'USD', 100),
    (690, 138, '3991364717037', 105, 'USD', 100),
    (691, 139, '2825265593216', 90, 'USD', 100),
    (692, 139, '1275280799814', 90, 'USD', 100),
    (693, 139, '7721417648080', 90, 'USD', 100),
    (694, 139, '6615907956717', 90, 'USD', 100),
    (695, 139, '2897506294153', 90, 'USD', 100),
    (696, 140, '4587652428697', 130, 'USD', 100),
    (697, 140, '8661969609477', 130, 'USD', 100),
    (698, 140, '7594180440825', 130, 'USD', 100),
    (699, 140, '2047610076890', 130, 'USD', 100),
    (700, 140, '4793395228061', 130, 'USD', 100),
    (701, 141, '2271334852049', 130, 'USD', 100),
    (702, 141, '5515925127812', 130, 'USD', 100),
    (703, 141, '3762001320576', 130, 'USD', 100),
    (704, 141, '9750053019202', 130, 'USD', 100),
    (705, 141, '7739076875395', 130, 'USD', 100),
    (706, 142, '3767228783054', 120, 'USD', 100),
    (707, 142, '1700533544283', 120, 'USD', 100),
    (708, 142, '8028632411110', 120, 'USD', 100),
    (709, 142, '5513537171682', 120, 'USD', 100),
    (710, 142, '5055726593823', 120, 'USD', 100),
    (711, 143, '5920428299114', 90, 'USD', 100),
    (712, 143, '6397546438284', 90, 'USD', 100),
    (713, 143, '2129141600114', 90, 'USD', 100),
    (714, 143, '6481091382026', 90, 'USD', 100),
    (715, 143, '7470722358532', 90, 'USD', 100),
    (716, 144, '7224963279655', 65, 'USD', 100),
    (717, 144, '2564814324910', 65, 'USD', 100),
    (718, 144, '5690618628013', 65, 'USD', 100),
    (719, 144, '8803916111899', 65, 'USD', 100),
    (720, 144, '6749782652622', 65, 'USD', 100),
    (721, 145, '9469462800973', 50, 'USD', 100),
    (722, 145, '9255816558573', 50, 'USD', 100),
    (723, 145, '3046956575097', 50, 'USD', 100),
    (724, 145, '7102623052295', 50, 'USD', 100),
    (725, 145, '1757769342078', 50, 'USD', 100),
    (726, 146, '4390855392956', 55, 'USD', 100),
    (727, 146, '3846623393283', 55, 'USD', 100),
    (728, 146, '7523059252222', 55, 'USD', 100),
    (729, 146, '2753768472365', 55, 'USD', 100),
    (730, 146, '1263373565525', 55, 'USD', 100),
    (731, 147, '7610402597883', 45, 'USD', 100),
    (732, 147, '2909610548684', 45, 'USD', 100),
    (733, 147, '7820122069822', 45, 'USD', 100),
    (734, 147, '3563471726459', 45, 'USD', 100),
    (735, 147, '7131306511415', 45, 'USD', 100),
    (736, 148, '3059795590578', 37, 'USD', 100),
    (737, 148, '9250550862799', 37, 'USD', 100),
    (738, 148, '5076333215935', 37, 'USD', 100),
    (739, 148, '9891541334893', 37, 'USD', 100),
    (740, 148, '2034436020829', 37, 'USD', 100),
    (741, 149, '6083935953784', 35, 'USD', 100),
    (742, 149, '9278586664377', 35, 'USD', 100),
    (743, 149, '2174230053737', 35, 'USD', 100),
    (744, 149, '7466821221921', 35, 'USD', 100),
    (745, 149, '6594280743307', 35, 'USD', 100),
    (746, 150, '5769580400204', 45, 'USD', 100),
    (747, 150, '2469570423890', 45, 'USD', 100),
    (748, 150, '9357149010496', 45, 'USD', 100),
    (749, 150, '2225764683605', 45, 'USD', 100),
    (750, 150, '2878676565476', 45, 'USD', 100),
    (751, 151, '3841943457258', 30, 'USD', 100),
    (752, 151, '3708085119522', 30, 'USD', 100),
    (753, 151, '8912426827101', 30, 'USD', 100),
    (754, 151, '3808897133240', 30, 'USD', 100),
    (755, 151, '5070736623820', 30, 'USD', 100),
    (756, 152, '5483304922780', 35, 'USD', 100),
    (757, 152, '5783970945186', 35, 'USD', 100),
    (758, 152, '9268484865290', 35, 'USD', 100),
    (759, 152, '3369359648686', 35, 'USD', 100),
    (760, 152, '3983237755179', 35, 'USD', 100),
    (761, 153, '2133825531871', 40, 'USD', 100),
    (762, 153, '3448427804259', 40, 'USD', 100),
    (763, 153, '6171741767839', 40, 'USD', 100),
    (764, 153, '2820268273463', 40, 'USD', 100),
    (765, 153, '6066682876104', 40, 'USD', 100),
    (766, 154, '4547753595098', 35, 'USD', 100),
    (767, 154, '9073220582983', 35, 'USD', 100),
    (768, 154, '2751858769235', 35, 'USD', 100),
    (769, 154, '2418531900748', 35, 'USD', 100),
    (770, 154, '9947937371724', 35, 'USD', 100),
    (771, 155, '2537455507755', 45, 'USD', 100),
    (772, 155, '6671723487865', 45, 'USD', 100),
    (773, 155, '9511914281170', 45, 'USD', 100),
    (774, 155, '9369064439714', 45, 'USD', 100),
    (775, 155, '3167826557159', 45, 'USD', 100),
    (776, 156, '4791485770575', 30, 'USD', 100),
    (777, 156, '9511266405758', 30, 'USD', 100),
    (778, 156, '9242263354384', 30, 'USD', 100),
    (779, 156, '1855432779124', 30, 'USD', 100),
    (780, 156, '4873524041062', 30, 'USD', 100),
    (781, 157, '7955331459435', 35, 'USD', 100),
    (782, 157, '9810544889937', 35, 'USD', 100),
    (783, 157, '8322732675170', 35, 'USD', 100),
    (784, 157, '6488044106359', 35, 'USD', 100),
    (785, 157, '9408914363375', 35, 'USD', 100),
    (786, 158, '9746888863214', 45, 'USD', 100),
    (787, 158, '2784624918044', 45, 'USD', 100),
    (788, 158, '1304733561766', 45, 'USD', 100),
    (789, 158, '6245130255068', 45, 'USD', 100),
    (790, 158, '5888265163382', 45, 'USD', 100),
    (791, 159, '8721457092392', 30, 'USD', 100),
    (792, 159, '4489718594753', 30, 'USD', 100),
    (793, 159, '5961613981627', 30, 'USD', 100),
    (794, 159, '9639868133061', 30, 'USD', 100),
    (795, 159, '1521652883814', 30, 'USD', 100),
    (796, 160, '6187812147072', 40, 'USD', 100),
    (797, 160, '4148834356496', 40, 'USD', 100),
    (798, 160, '4139471246911', 40, 'USD', 100),
    (799, 160, '8051860799822', 40, 'USD', 100),
    (800, 160, '3251891228356', 40, 'USD', 100),
    (801, 161, '3699210275739', 35, 'USD', 100),
    (802, 161, '2411927311891', 35, 'USD', 100),
    (803, 161, '9351702860596', 35, 'USD', 100),
    (804, 161, '2071586929113', 35, 'USD', 100),
    (805, 161, '8494734192531', 35, 'USD', 100),
    (806, 162, '4354339849338', 55, 'USD', 100),
    (807, 162, '7807784623237', 55, 'USD', 100),
    (808, 162, '1989739691957', 55, 'USD', 100),
    (809, 162, '4826992518634', 55, 'USD', 100),
    (810, 162, '6764667275254', 55, 'USD', 100),
    (811, 163, '1255721768201', 40, 'USD', 100),
    (812, 163, '7035448601145', 40, 'USD', 100),
    (813, 163, '9420215314829', 40, 'USD', 100),
    (814, 163, '6772089013909', 40, 'USD', 100),
    (815, 163, '9193947805729', 40, 'USD', 100),
    (816, 164, '8468136317293', 50, 'USD', 100),
    (817, 164, '1266247755939', 50, 'USD', 100),
    (818, 164, '3174116904238', 50, 'USD', 100),
    (819, 164, '1074532830727', 50, 'USD', 100),
    (820, 164, '5303077373637', 50, 'USD', 100),
    (821, 165, '4199825977803', 45, 'USD', 100),
    (822, 165, '6593532780193', 45, 'USD', 100),
    (823, 165, '6278641061138', 45, 'USD', 100),
    (824, 165, '1204424444000', 45, 'USD', 100),
    (825, 165, '6554108680544', 45, 'USD', 100),
    (826, 166, '7851969342233', 27, 'USD', 100),
    (827, 166, '7875123671793', 27, 'USD', 100),
    (828, 166, '7793923980357', 27, 'USD', 100),
    (829, 166, '7794922538678', 27, 'USD', 100),
    (830, 166, '9915696185162', 27, 'USD', 100),
    (831, 167, '3693939516909', 45, 'USD', 100),
    (832, 167, '5036920984485', 45, 'USD', 100),
    (833, 167, '9648469956955', 45, 'USD', 100),
    (834, 167, '9098820398004', 45, 'USD', 100),
    (835, 167, '8969187544617', 45, 'USD', 100),
    (836, 168, '9223783917086', 30, 'USD', 100),
    (837, 168, '2270170596953', 30, 'USD', 100),
    (838, 168, '2126826578912', 30, 'USD', 100),
    (839, 168, '7236146595555', 30, 'USD', 100),
    (840, 168, '7537911620852', 30, 'USD', 100),
    (841, 169, '4988892921200', 10, 'USD', 100),
    (842, 169, '7605952910751', 10, 'USD', 100),
    (843, 169, '5220754007986', 10, 'USD', 100),
    (844, 169, '9236445959768', 10, 'USD', 100),
    (845, 169, '8118739809886', 10, 'USD', 100),
    (846, 170, '1638220286032', 18, 'USD', 100),
    (847, 170, '1101835335111', 18, 'USD', 100),
    (848, 170, '2604898760867', 18, 'USD', 100),
    (849, 170, '5314867267096', 18, 'USD', 100),
    (850, 170, '1211762893849', 18, 'USD', 100),
    (851, 171, '1434072436014', 18, 'USD', 100),
    (852, 171, '2512045919640', 18, 'USD', 100),
    (853, 171, '1980127067152', 18, 'USD', 100),
    (854, 171, '4575713149226', 18, 'USD', 100),
    (855, 171, '9601804902924', 18, 'USD', 100),
    (856, 172, '6259995143591', 20, 'USD', 100),
    (857, 172, '9284174227311', 20, 'USD', 100),
    (858, 172, '3177548062463', 20, 'USD', 100),
    (859, 172, '8138629175776', 20, 'USD', 100),
    (860, 172, '9204736332582', 20, 'USD', 100),
    (861, 173, '9391164617817', 16, 'USD', 100),
    (862, 173, '7488032760732', 16, 'USD', 100),
    (863, 173, '5428018228419', 16, 'USD', 100),
    (864, 173, '2574978514328', 16, 'USD', 100),
    (865, 173, '2615822221614', 16, 'USD', 100),
    (866, 174, '9730905744080', 18, 'USD', 100),
    (867, 174, '3196582796970', 18, 'USD', 100),
    (868, 174, '3435174452456', 18, 'USD', 100),
    (869, 174, '3422521813956', 18, 'USD', 100),
    (870, 174, '1337293376884', 18, 'USD', 100),
    (871, 175, '1434123886752', 18, 'USD', 100),
    (872, 175, '4921246508204', 18, 'USD', 100),
    (873, 175, '4816131729072', 18, 'USD', 100),
    (874, 175, '2735816816811', 18, 'USD', 100),
    (875, 175, '8723208485390', 18, 'USD', 100),
    (876, 176, '9412020209508', 18, 'USD', 100),
    (877, 176, '7908697941628', 18, 'USD', 100),
    (878, 176, '9546009132322', 18, 'USD', 100),
    (879, 176, '8603346815477', 18, 'USD', 100),
    (880, 176, '1287850838457', 18, 'USD', 100),
    (881, 177, '1856325191407', 20, 'USD', 100),
    (882, 177, '3725886025294', 20, 'USD', 100),
    (883, 177, '7684290043952', 20, 'USD', 100),
    (884, 177, '3192568622528', 20, 'USD', 100),
    (885, 177, '9323920930890', 20, 'USD', 100),
    (886, 178, '6387902716338', 20, 'USD', 100),
    (887, 178, '5472942988981', 20, 'USD', 100),
    (888, 178, '9475201181239', 20, 'USD', 100),
    (889, 178, '9310872171655', 20, 'USD', 100),
    (890, 178, '4682050854424', 20, 'USD', 100),
    (891, 179, '7435800707794', 20, 'USD', 100),
    (892, 179, '7916317909444', 20, 'USD', 100),
    (893, 179, '2104186457242', 20, 'USD', 100),
    (894, 179, '2553588587221', 20, 'USD', 100),
    (895, 179, '4484880070257', 20, 'USD', 100),
    (896, 180, '2846271872571', 20, 'USD', 100),
    (897, 180, '2985810075057', 20, 'USD', 100),
    (898, 180, '2477516060423', 20, 'USD', 100),
    (899, 180, '3053739620694', 20, 'USD', 100),
    (900, 180, '8932095149014', 20, 'USD', 100),
    (901, 181, '5956701662838', 18, 'USD', 100),
    (902, 181, '4234416238808', 18, 'USD', 100),
    (903, 181, '9709596815965', 18, 'USD', 100),
    (904, 181, '4586199722108', 18, 'USD', 100),
    (905, 181, '9839981446217', 18, 'USD', 100),
    (906, 182, '6810536002746', 18, 'USD', 100),
    (907, 182, '5389050796223', 18, 'USD', 100),
    (908, 182, '6179418794748', 18, 'USD', 100),
    (909, 182, '3555686666376', 18, 'USD', 100),
    (910, 182, '3273773067434', 18, 'USD', 100),
    (911, 183, '3501418968395', 10, 'USD', 100),
    (912, 183, '7102540158544', 10, 'USD', 100),
    (913, 183, '8859686614472', 10, 'USD', 100),
    (914, 183, '1559686711151', 10, 'USD', 100),
    (915, 183, '8626945711022', 10, 'USD', 100),
    (916, 184, '8006237592797', 20, 'USD', 100),
    (917, 184, '9807187887386', 20, 'USD', 100),
    (918, 184, '9126118729689', 20, 'USD', 100),
    (919, 184, '5947276741550', 20, 'USD', 100),
    (920, 184, '2648587844527', 20, 'USD', 100),
    (921, 185, '8187479626569', 28, 'USD', 100),
    (922, 185, '4791426001924', 28, 'USD', 100),
    (923, 185, '9523691100776', 28, 'USD', 100),
    (924, 185, '6002532599231', 28, 'USD', 100),
    (925, 185, '2056607880729', 28, 'USD', 100),
    (926, 186, '6940663135380', 18, 'USD', 100),
    (927, 186, '5567022416791', 18, 'USD', 100),
    (928, 186, '4481942296366', 18, 'USD', 100),
    (929, 186, '4791616096647', 18, 'USD', 100),
    (930, 186, '1515408913401', 18, 'USD', 100),
    (931, 187, '9039184679630', 17, 'USD', 100),
    (932, 187, '7630988058761', 17, 'USD', 100),
    (933, 187, '9935182286093', 17, 'USD', 100),
    (934, 187, '7397421931946', 17, 'USD', 100),
    (935, 187, '5426578638010', 17, 'USD', 100),
    (936, 188, '4904976751109', 18, 'USD', 100),
    (937, 188, '6593126992092', 18, 'USD', 100),
    (938, 188, '2628200320363', 18, 'USD', 100),
    (939, 188, '7226883608674', 18, 'USD', 100),
    (940, 188, '7509554917057', 18, 'USD', 100),
    (941, 189, '7460085926689', 18, 'USD', 100),
    (942, 189, '6966250774152', 18, 'USD', 100),
    (943, 189, '4070154983529', 18, 'USD', 100),
    (944, 189, '7611581296648', 18, 'USD', 100),
    (945, 189, '5551886966082', 18, 'USD', 100),
    (946, 190, '4291766205209', 18, 'USD', 100),
    (947, 190, '4705743385672', 18, 'USD', 100),
    (948, 190, '7196353536142', 18, 'USD', 100),
    (949, 190, '6236634063136', 18, 'USD', 100),
    (950, 190, '8888672889662', 18, 'USD', 100),
    (951, 191, '9460575936918', 18, 'USD', 100),
    (952, 191, '4275862407088', 18, 'USD', 100),
    (953, 191, '7736894322261', 18, 'USD', 100),
    (954, 191, '2366016736354', 18, 'USD', 100),
    (955, 191, '9246707813698', 18, 'USD', 100),
    (956, 192, '8097899605174', 18, 'USD', 100),
    (957, 192, '1326304720757', 18, 'USD', 100),
    (958, 192, '6757223796858', 18, 'USD', 100),
    (959, 192, '8729701344468', 18, 'USD', 100),
    (960, 192, '7077516900883', 18, 'USD', 100);

insert into sku_attributes(sku_id, attribute_value_id) values
    (1, 1),
    (2, 2),
    (3, 3),
    (4, 4),
    (5, 5),
    (6, 1),
    (7, 2),
    (8, 3),
    (9, 4),
    (10, 5),
    (11, 1),
    (12, 2),
    (13, 3),
    (14, 4),
    (15, 5),
    (16, 1),
    (17, 2),
    (18, 3),
    (19, 4),
    (20, 5),
    (21, 1),
    (22, 2),
    (23, 3),
    (24, 4),
    (25, 5),
    (26, 1),
    (27, 2),
    (28, 3),
    (29, 4),
    (30, 5),
    (31, 1),
    (32, 2),
    (33, 3),
    (34, 4),
    (35, 5),
    (36, 1),
    (37, 2),
    (38, 3),
    (39, 4),
    (40, 5),
    (41, 1),
    (42, 2),
    (43, 3),
    (44, 4),
    (45, 5),
    (46, 1),
    (47, 2),
    (48, 3),
    (49, 4),
    (50, 5),
    (51, 1),
    (52, 2),
    (53, 3),
    (54, 4),
    (55, 5),
    (56, 1),
    (57, 2),
    (58, 3),
    (59, 4),
    (60, 5),
    (61, 1),
    (62, 2),
    (63, 3),
    (64, 4),
    (65, 5),
    (66, 1),
    (67, 2),
    (68, 3),
    (69, 4),
    (70, 5),
    (71, 1),
    (72, 2),
    (73, 3),
    (74, 4),
    (75, 5),
    (76, 1),
    (77, 2),
    (78, 3),
    (79, 4),
    (80, 5),
    (81, 1),
    (82, 2),
    (83, 3),
    (84, 4),
    (85, 5),
    (86, 1),
    (87, 2),
    (88, 3),
    (89, 4),
    (90, 5),
    (91, 1),
    (92, 2),
    (93, 3),
    (94, 4),
    (95, 5),
    (96, 1),
    (97, 2),
    (98, 3),
    (99, 4),
    (100, 5),
    (101, 1),
    (102, 2),
    (103, 3),
    (104, 4),
    (105, 5),
    (106, 1),
    (107, 2),
    (108, 3),
    (109, 4),
    (110, 5),
    (111, 1),
    (112, 2),
    (113, 3),
    (114, 4),
    (115, 5),
    (116, 1),
    (117, 2),
    (118, 3),
    (119, 4),
    (120, 5),
    (121, 1),
    (122, 2),
    (123, 3),
    (124, 4),
    (125, 5),
    (126, 1),
    (127, 2),
    (128, 3),
    (129, 4),
    (130, 5),
    (131, 1),
    (132, 2),
    (133, 3),
    (134, 4),
    (135, 5),
    (136, 1),
    (137, 2),
    (138, 3),
    (139, 4),
    (140, 5),
    (141, 1),
    (142, 2),
    (143, 3),
    (144, 4),
    (145, 5),
    (146, 1),
    (147, 2),
    (148, 3),
    (149, 4),
    (150, 5),
    (151, 1),
    (152, 2),
    (153, 3),
    (154, 4),
    (155, 5),
    (156, 1),
    (157, 2),
    (158, 3),
    (159, 4),
    (160, 5),
    (161, 1),
    (162, 2),
    (163, 3),
    (164, 4),
    (165, 5),
    (166, 1),
    (167, 2),
    (168, 3),
    (169, 4),
    (170, 5),
    (171, 1),
    (172, 2),
    (173, 3),
    (174, 4),
    (175, 5),
    (176, 1),
    (177, 2),
    (178, 3),
    (179, 4),
    (180, 5),
    (181, 1),
    (182, 2),
    (183, 3),
    (184, 4),
    (185, 5),
    (186, 1),
    (187, 2),
    (188, 3),
    (189, 4),
    (190, 5),
    (191, 1),
    (192, 2),
    (193, 3),
    (194, 4),
    (195, 5),
    (196, 1),
    (197, 2),
    (198, 3),
    (199, 4),
    (200, 5),
    (201, 1),
    (202, 2),
    (203, 3),
    (204, 4),
    (205, 5),
    (206, 1),
    (207, 2),
    (208, 3),
    (209, 4),
    (210, 5),
    (211, 1),
    (212, 2),
    (213, 3),
    (214, 4),
    (215, 5),
    (216, 1),
    (217, 2),
    (218, 3),
    (219, 4),
    (220, 5),
    (221, 1),
    (222, 2),
    (223, 3),
    (224, 4),
    (225, 5),
    (226, 1),
    (227, 2),
    (228, 3),
    (229, 4),
    (230, 5),
    (231, 1),
    (232, 2),
    (233, 3),
    (234, 4),
    (235, 5),
    (236, 1),
    (237, 2),
    (238, 3),
    (239, 4),
    (240, 5),
    (241, 1),
    (242, 2),
    (243, 3),
    (244, 4),
    (245, 5),
    (246, 1),
    (247, 2),
    (248, 3),
    (249, 4),
    (250, 5),
    (251, 1),
    (252, 2),
    (253, 3),
    (254, 4),
    (255, 5),
    (256, 1),
    (257, 2),
    (258, 3),
    (259, 4),
    (260, 5),
    (261, 1),
    (262, 2),
    (263, 3),
    (264, 4),
    (265, 5),
    (266, 1),
    (267, 2),
    (268, 3),
    (269, 4),
    (270, 5),
    (271, 1),
    (272, 2),
    (273, 3),
    (274, 4),
    (275, 5),
    (276, 1),
    (277, 2),
    (278, 3),
    (279, 4),
    (280, 5),
    (281, 1),
    (282, 2),
    (283, 3),
    (284, 4),
    (285, 5),
    (286, 1),
    (287, 2),
    (288, 3),
    (289, 4),
    (290, 5),
    (291, 1),
    (292, 2),
    (293, 3),
    (294, 4),
    (295, 5),
    (296, 1),
    (297, 2),
    (298, 3),
    (299, 4),
    (300, 5),
    (301, 1),
    (302, 2),
    (303, 3),
    (304, 4),
    (305, 5),
    (306, 1),
    (307, 2),
    (308, 3),
    (309, 4),
    (310, 5),
    (311, 1),
    (312, 2),
    (313, 3),
    (314, 4),
    (315, 5),
    (316, 1),
    (317, 2),
    (318, 3),
    (319, 4),
    (320, 5),
    (321, 1),
    (322, 2),
    (323, 3),
    (324, 4),
    (325, 5),
    (326, 1),
    (327, 2),
    (328, 3),
    (329, 4),
    (330, 5),
    (331, 1),
    (332, 2),
    (333, 3),
    (334, 4),
    (335, 5),
    (336, 1),
    (337, 2),
    (338, 3),
    (339, 4),
    (340, 5),
    (341, 1),
    (342, 2),
    (343, 3),
    (344, 4),
    (345, 5),
    (346, 1),
    (347, 2),
    (348, 3),
    (349, 4),
    (350, 5),
    (351, 1),
    (352, 2),
    (353, 3),
    (354, 4),
    (355, 5),
    (356, 1),
    (357, 2),
    (358, 3),
    (359, 4),
    (360, 5),
    (361, 1),
    (362, 2),
    (363, 3),
    (364, 4),
    (365, 5),
    (366, 1),
    (367, 2),
    (368, 3),
    (369, 4),
    (370, 5),
    (371, 1),
    (372, 2),
    (373, 3),
    (374, 4),
    (375, 5),
    (376, 1),
    (377, 2),
    (378, 3),
    (379, 4),
    (380, 5),
    (381, 1),
    (382, 2),
    (383, 3),
    (384, 4),
    (385, 5),
    (386, 1),
    (387, 2),
    (388, 3),
    (389, 4),
    (390, 5),
    (391, 1),
    (392, 2),
    (393, 3),
    (394, 4),
    (395, 5),
    (396, 1),
    (397, 2),
    (398, 3),
    (399, 4),
    (400, 5),
    (401, 1),
    (402, 2),
    (403, 3),
    (404, 4),
    (405, 5),
    (406, 1),
    (407, 2),
    (408, 3),
    (409, 4),
    (410, 5),
    (411, 1),
    (412, 2),
    (413, 3),
    (414, 4),
    (415, 5),
    (416, 1),
    (417, 2),
    (418, 3),
    (419, 4),
    (420, 5),
    (421, 1),
    (422, 2),
    (423, 3),
    (424, 4),
    (425, 5),
    (426, 1),
    (427, 2),
    (428, 3),
    (429, 4),
    (430, 5),
    (431, 1),
    (432, 2),
    (433, 3),
    (434, 4),
    (435, 5),
    (436, 1),
    (437, 2),
    (438, 3),
    (439, 4),
    (440, 5),
    (441, 1),
    (442, 2),
    (443, 3),
    (444, 4),
    (445, 5),
    (446, 1),
    (447, 2),
    (448, 3),
    (449, 4),
    (450, 5),
    (451, 1),
    (452, 2),
    (453, 3),
    (454, 4),
    (455, 5),
    (456, 1),
    (457, 2),
    (458, 3),
    (459, 4),
    (460, 5),
    (461, 1),
    (462, 2),
    (463, 3),
    (464, 4),
    (465, 5),
    (466, 1),
    (467, 2),
    (468, 3),
    (469, 4),
    (470, 5),
    (471, 1),
    (472, 2),
    (473, 3),
    (474, 4),
    (475, 5),
    (476, 1),
    (477, 2),
    (478, 3),
    (479, 4),
    (480, 5),
    (481, 1),
    (482, 2),
    (483, 3),
    (484, 4),
    (485, 5),
    (486, 1),
    (487, 2),
    (488, 3),
    (489, 4),
    (490, 5),
    (491, 1),
    (492, 2),
    (493, 3),
    (494, 4),
    (495, 5),
    (496, 1),
    (497, 2),
    (498, 3),
    (499, 4),
    (500, 5),
    (501, 1),
    (502, 2),
    (503, 3),
    (504, 4),
    (505, 5),
    (506, 1),
    (507, 2),
    (508, 3),
    (509, 4),
    (510, 5),
    (511, 1),
    (512, 2),
    (513, 3),
    (514, 4),
    (515, 5),
    (516, 1),
    (517, 2),
    (518, 3),
    (519, 4),
    (520, 5),
    (521, 1),
    (522, 2),
    (523, 3),
    (524, 4),
    (525, 5),
    (526, 1),
    (527, 2),
    (528, 3),
    (529, 4),
    (530, 5),
    (531, 1),
    (532, 2),
    (533, 3),
    (534, 4),
    (535, 5),
    (536, 1),
    (537, 2),
    (538, 3),
    (539, 4),
    (540, 5),
    (541, 1),
    (542, 2),
    (543, 3),
    (544, 4),
    (545, 5),
    (546, 1),
    (547, 2),
    (548, 3),
    (549, 4),
    (550, 5),
    (551, 1),
    (552, 2),
    (553, 3),
    (554, 4),
    (555, 5),
    (556, 1),
    (557, 2),
    (558, 3),
    (559, 4),
    (560, 5),
    (561, 1),
    (562, 2),
    (563, 3),
    (564, 4),
    (565, 5),
    (566, 1),
    (567, 2),
    (568, 3),
    (569, 4),
    (570, 5),
    (571, 1),
    (572, 2),
    (573, 3),
    (574, 4),
    (575, 5),
    (576, 1),
    (577, 2),
    (578, 3),
    (579, 4),
    (580, 5),
    (581, 1),
    (582, 2),
    (583, 3),
    (584, 4),
    (585, 5),
    (586, 1),
    (587, 2),
    (588, 3),
    (589, 4),
    (590, 5),
    (591, 1),
    (592, 2),
    (593, 3),
    (594, 4),
    (595, 5),
    (596, 1),
    (597, 2),
    (598, 3),
    (599, 4),
    (600, 5),
    (601, 1),
    (602, 2),
    (603, 3),
    (604, 4),
    (605, 5),
    (606, 1),
    (607, 2),
    (608, 3),
    (609, 4),
    (610, 5),
    (611, 1),
    (612, 2),
    (613, 3),
    (614, 4),
    (615, 5),
    (616, 1),
    (617, 2),
    (618, 3),
    (619, 4),
    (620, 5),
    (621, 1),
    (622, 2),
    (623, 3),
    (624, 4),
    (625, 5),
    (626, 1),
    (627, 2),
    (628, 3),
    (629, 4),
    (630, 5),
    (631, 1),
    (632, 2),
    (633, 3),
    (634, 4),
    (635, 5),
    (636, 1),
    (637, 2),
    (638, 3),
    (639, 4),
    (640, 5),
    (641, 1),
    (642, 2),
    (643, 3),
    (644, 4),
    (645, 5),
    (646, 1),
    (647, 2),
    (648, 3),
    (649, 4),
    (650, 5),
    (651, 1),
    (652, 2),
    (653, 3),
    (654, 4),
    (655, 5),
    (656, 1),
    (657, 2),
    (658, 3),
    (659, 4),
    (660, 5),
    (661, 1),
    (662, 2),
    (663, 3),
    (664, 4),
    (665, 5),
    (666, 1),
    (667, 2),
    (668, 3),
    (669, 4),
    (670, 5),
    (671, 1),
    (672, 2),
    (673, 3),
    (674, 4),
    (675, 5),
    (676, 1),
    (677, 2),
    (678, 3),
    (679, 4),
    (680, 5),
    (681, 1),
    (682, 2),
    (683, 3),
    (684, 4),
    (685, 5),
    (686, 1),
    (687, 2),
    (688, 3),
    (689, 4),
    (690, 5),
    (691, 1),
    (692, 2),
    (693, 3),
    (694, 4),
    (695, 5),
    (696, 1),
    (697, 2),
    (698, 3),
    (699, 4),
    (700, 5),
    (701, 1),
    (702, 2),
    (703, 3),
    (704, 4),
    (705, 5),
    (706, 1),
    (707, 2),
    (708, 3),
    (709, 4),
    (710, 5),
    (711, 1),
    (712, 2),
    (713, 3),
    (714, 4),
    (715, 5),
    (716, 1),
    (717, 2),
    (718, 3),
    (719, 4),
    (720, 5),
    (721, 1),
    (722, 2),
    (723, 3),
    (724, 4),
    (725, 5),
    (726, 1),
    (727, 2),
    (728, 3),
    (729, 4),
    (730, 5),
    (731, 1),
    (732, 2),
    (733, 3),
    (734, 4),
    (735, 5),
    (736, 1),
    (737, 2),
    (738, 3),
    (739, 4),
    (740, 5),
    (741, 1),
    (742, 2),
    (743, 3),
    (744, 4),
    (745, 5),
    (746, 1),
    (747, 2),
    (748, 3),
    (749, 4),
    (750, 5),
    (751, 1),
    (752, 2),
    (753, 3),
    (754, 4),
    (755, 5),
    (756, 1),
    (757, 2),
    (758, 3),
    (759, 4),
    (760, 5),
    (761, 1),
    (762, 2),
    (763, 3),
    (764, 4),
    (765, 5),
    (766, 1),
    (767, 2),
    (768, 3),
    (769, 4),
    (770, 5),
    (771, 1),
    (772, 2),
    (773, 3),
    (774, 4),
    (775, 5),
    (776, 1),
    (777, 2),
    (778, 3),
    (779, 4),
    (780, 5),
    (781, 1),
    (782, 2),
    (783, 3),
    (784, 4),
    (785, 5),
    (786, 1),
    (787, 2),
    (788, 3),
    (789, 4),
    (790, 5),
    (791, 1),
    (792, 2),
    (793, 3),
    (794, 4),
    (795, 5),
    (796, 1),
    (797, 2),
    (798, 3),
    (799, 4),
    (800, 5),
    (801, 1),
    (802, 2),
    (803, 3),
    (804, 4),
    (805, 5),
    (806, 1),
    (807, 2),
    (808, 3),
    (809, 4),
    (810, 5),
    (811, 1),
    (812, 2),
    (813, 3),
    (814, 4),
    (815, 5),
    (816, 1),
    (817, 2),
    (818, 3),
    (819, 4),
    (820, 5),
    (821, 1),
    (822, 2),
    (823, 3),
    (824, 4),
    (825, 5),
    (826, 1),
    (827, 2),
    (828, 3),
    (829, 4),
    (830, 5),
    (831, 1),
    (832, 2),
    (833, 3),
    (834, 4),
    (835, 5),
    (836, 1),
    (837, 2),
    (838, 3),
    (839, 4),
    (840, 5),
    (841, 1),
    (842, 2),
    (843, 3),
    (844, 4),
    (845, 5),
    (846, 1),
    (847, 2),
    (848, 3),
    (849, 4),
    (850, 5),
    (851, 1),
    (852, 2),
    (853, 3),
    (854, 4),
    (855, 5),
    (856, 1),
    (857, 2),
    (858, 3),
    (859, 4),
    (860, 5),
    (861, 1),
    (862, 2),
    (863, 3),
    (864, 4),
    (865, 5),
    (866, 1),
    (867, 2),
    (868, 3),
    (869, 4),
    (870, 5),
    (871, 1),
    (872, 2),
    (873, 3),
    (874, 4),
    (875, 5),
    (876, 1),
    (877, 2),
    (878, 3),
    (879, 4),
    (880, 5),
    (881, 1),
    (882, 2),
    (883, 3),
    (884, 4),
    (885, 5),
    (886, 1),
    (887, 2),
    (888, 3),
    (889, 4),
    (890, 5),
    (891, 1),
    (892, 2),
    (893, 3),
    (894, 4),
    (895, 5),
    (896, 1),
    (897, 2),
    (898, 3),
    (899, 4),
    (900, 5),
    (901, 1),
    (902, 2),
    (903, 3),
    (904, 4),
    (905, 5),
    (906, 1),
    (907, 2),
    (908, 3),
    (909, 4),
    (910, 5),
    (911, 1),
    (912, 2),
    (913, 3),
    (914, 4),
    (915, 5),
    (916, 1),
    (917, 2),
    (918, 3),
    (919, 4),
    (920, 5),
    (921, 1),
    (922, 2),
    (923, 3),
    (924, 4),
    (925, 5),
    (926, 1),
    (927, 2),
    (928, 3),
    (929, 4),
    (930, 5),
    (931, 1),
    (932, 2),
    (933, 3),
    (934, 4),
    (935, 5),
    (936, 1),
    (937, 2),
    (938, 3),
    (939, 4),
    (940, 5),
    (941, 1),
    (942, 2),
    (943, 3),
    (944, 4),
    (945, 5),
    (946, 1),
    (947, 2),
    (948, 3),
    (949, 4),
    (950, 5),
    (951, 1),
    (952, 2),
    (953, 3),
    (954, 4),
    (955, 5),
    (956, 1),
    (957, 2),
    (958, 3),
    (959, 4),
    (960, 5);